date,phy_name,id,id_phy,id_site,unit,value,Conc eqBC - FF,Conc eqBC - WB
2024-06-13 01:00:00,Black Carbon,BCGAPCOM,BC,GAPCOM,microg/m3,0.11,0.7272727272727273,0.2727272727272727
2024-06-13 02:00:00,Black Carbon,BCGAPCOM,BC,GAPCOM,microg/m3,0.11,0.7272727272727273,0.2727272727272727
2024-06-13 03:00:00,Black Carbon,BCGAPCOM,BC,GAPCOM,microg/m3,0.11,0.7272727272727273,0.2727272727272727
2024-06-13 04:00:00,Black Carbon,BCGAPCOM,BC,GAPCOM,microg/m3,0.24000000000000002,0.8333333333333333,0.16666666666666666
2024-06-13 05:00:00,Black Carbon,BCGAPCOM,BC,GAPCOM,microg/m3,0.28,0.8214285714285714,0.17857142857142858
2024-06-13 06:00:00,Black Carbon,BCGAPCOM,BC,GAPCOM,microg/m3,0.32,0.8125,0.1875
2024-06-13 07:00:00,Black Carbon,BCGAPCOM,BC,GAPCOM,microg/m3,0.21,0.8571428571428571,0.14285714285714285
2024-06-13 08:00:00,Black Carbon,BCGAPCOM,BC,GAPCOM,microg/m3,0.15,0.8,0.2
2024-06-13 09:00:00,Black Carbon,BCGAPCOM,BC,GAPCOM,microg/m3,0.22000000000000003,0.7727272727272727,0.22727272727272727
2024-06-13 10:00:00,Black Carbon,BCGAPCOM,BC,GAPCOM,microg/m3,0.14,0.7142857142857143,0.2857142857142857
2024-06-13 11:00:00,Black Carbon,BCGAPCOM,BC,GAPCOM,microg/m3,0.16999999999999998,0.7058823529411765,0.2941176470588236
2024-06-13 12:00:00,Black Carbon,BCGAPCOM,BC,GAPCOM,microg/m3,0.13999999999999999,0.8571428571428572,0.14285714285714288
2024-06-13 13:00:00,Black Carbon,BCGAPCOM,BC,GAPCOM,microg/m3,0.13,0.7692307692307693,0.23076923076923075
2024-06-13 14:00:00,Black Carbon,BCGAPCOM,BC,GAPCOM,microg/m3,0.1,0.3,0.7000000000000001
2024-06-13 15:00:00,Black Carbon,BCGAPCOM,BC,GAPCOM,microg/m3,0.09000000000000001,1.111111111111111,-0.1111111111111111
2024-06-13 16:00:00,Black Carbon,BCGAPCOM,BC,GAPCOM,microg/m3,0.09000000000000001,0.7777777777777778,0.2222222222222222
2024-06-13 17:00:00,Black Carbon,BCGAPCOM,BC,GAPCOM,microg/m3,0.11,0.5454545454545454,0.4545454545454546
2024-06-13 18:00:00,Black Carbon,BCGAPCOM,BC,GAPCOM,microg/m3,0.14,0.7142857142857143,0.2857142857142857
2024-06-13 19:00:00,Black Carbon,BCGAPCOM,BC,GAPCOM,microg/m3,0.14,0.5714285714285714,0.4285714285714285
2024-06-13 20:00:00,Black Carbon,BCGAPCOM,BC,GAPCOM,microg/m3,0.12,0.75,0.25
2024-06-13 21:00:00,Black Carbon,BCGAPCOM,BC,GAPCOM,microg/m3,0.18,0.7222222222222223,0.2777777777777778
2024-06-13 22:00:00,Black Carbon,BCGAPCOM,BC,GAPCOM,microg/m3,0.27,0.8148148148148148,0.18518518518518517
2024-06-13 23:00:00,Black Carbon,BCGAPCOM,BC,GAPCOM,microg/m3,0.22000000000000003,0.7727272727272727,0.22727272727272727
2024-06-14 00:00:00,Black Carbon,BCGAPCOM,BC,GAPCOM,microg/m3,0.15,0.8,0.2
2024-06-14 01:00:00,Black Carbon,BCGAPCOM,BC,GAPCOM,microg/m3,0.15,0.7333333333333334,0.26666666666666666
2024-06-14 02:00:00,Black Carbon,BCGAPCOM,BC,GAPCOM,microg/m3,0.16,0.75,0.25
2024-06-14 03:00:00,Black Carbon,BCGAPCOM,BC,GAPCOM,microg/m3,0.14,0.7142857142857143,0.2857142857142857
2024-06-14 04:00:00,Black Carbon,BCGAPCOM,BC,GAPCOM,microg/m3,0.25,0.8,0.2
2024-06-14 05:00:00,Black Carbon,BCGAPCOM,BC,GAPCOM,microg/m3,0.32,0.78125,0.21875000000000003
2024-06-14 06:00:00,Black Carbon,BCGAPCOM,BC,GAPCOM,microg/m3,0.48000000000000004,0.8333333333333333,0.16666666666666666
2024-06-14 07:00:00,Black Carbon,BCGAPCOM,BC,GAPCOM,microg/m3,0.5,0.84,0.16
2024-06-14 08:00:00,Black Carbon,BCGAPCOM,BC,GAPCOM,microg/m3,0.5,0.82,0.18
2024-06-14 09:00:00,Black Carbon,BCGAPCOM,BC,GAPCOM,microg/m3,0.59,0.8305084745762712,0.16949152542372883
2024-06-14 10:00:00,Black Carbon,BCGAPCOM,BC,GAPCOM,microg/m3,0.71,0.8309859154929577,0.16901408450704225
2024-06-14 11:00:00,Black Carbon,BCGAPCOM,BC,GAPCOM,microg/m3,0.61,0.8360655737704918,0.1639344262295082
2024-06-14 12:00:00,Black Carbon,BCGAPCOM,BC,GAPCOM,microg/m3,0.43,0.8604651162790697,0.13953488372093023
2024-06-14 13:00:00,Black Carbon,BCGAPCOM,BC,GAPCOM,microg/m3,0.46,0.8260869565217391,0.17391304347826086
2024-06-14 14:00:00,Black Carbon,BCGAPCOM,BC,GAPCOM,microg/m3,0.45,0.8222222222222222,0.17777777777777778
2024-06-14 15:00:00,Black Carbon,BCGAPCOM,BC,GAPCOM,microg/m3,0.39,0.8461538461538461,0.15384615384615383
2024-06-14 16:00:00,Black Carbon,BCGAPCOM,BC,GAPCOM,microg/m3,0.38,0.8157894736842105,0.1842105263157895
2024-06-14 17:00:00,Black Carbon,BCGAPCOM,BC,GAPCOM,microg/m3,0.28,0.7857142857142857,0.21428571428571425
2024-06-14 18:00:00,Black Carbon,BCGAPCOM,BC,GAPCOM,microg/m3,0.31,0.8387096774193549,0.16129032258064518
2024-06-14 19:00:00,Black Carbon,BCGAPCOM,BC,GAPCOM,microg/m3,0.39,0.8205128205128205,0.1794871794871795
2024-06-14 20:00:00,Black Carbon,BCGAPCOM,BC,GAPCOM,microg/m3,0.45999999999999996,0.8043478260869565,0.1956521739130435
2024-06-14 21:00:00,Black Carbon,BCGAPCOM,BC,GAPCOM,microg/m3,0.53,0.8113207547169811,0.18867924528301888
2024-06-14 22:00:00,Black Carbon,BCGAPCOM,BC,GAPCOM,microg/m3,0.43999999999999995,0.7954545454545455,0.20454545454545456
2024-06-14 23:00:00,Black Carbon,BCGAPCOM,BC,GAPCOM,microg/m3,0.33,0.7878787878787878,0.21212121212121213
2024-06-15 00:00:00,Black Carbon,BCGAPCOM,BC,GAPCOM,microg/m3,0.26,0.7692307692307693,0.23076923076923075
2024-06-15 01:00:00,Black Carbon,BCGAPCOM,BC,GAPCOM,microg/m3,0.22999999999999998,0.782608695652174,0.2173913043478261
2024-06-15 02:00:00,Black Carbon,BCGAPCOM,BC,GAPCOM,microg/m3,0.21000000000000002,0.7619047619047619,0.23809523809523808
2024-06-15 03:00:00,Black Carbon,BCGAPCOM,BC,GAPCOM,microg/m3,0.24,0.75,0.25
2024-06-15 04:00:00,Black Carbon,BCGAPCOM,BC,GAPCOM,microg/m3,0.25,0.8,0.2
2024-06-15 05:00:00,Black Carbon,BCGAPCOM,BC,GAPCOM,microg/m3,0.32,0.8125,0.1875
2024-06-15 06:00:00,Black Carbon,BCGAPCOM,BC,GAPCOM,microg/m3,0.28,0.8214285714285714,0.17857142857142858
2024-06-15 07:00:00,Black Carbon,BCGAPCOM,BC,GAPCOM,microg/m3,0.41,0.8536585365853658,0.14634146341463414
2024-06-15 08:00:00,Black Carbon,BCGAPCOM,BC,GAPCOM,microg/m3,0.57,0.8596491228070176,0.14035087719298248
2024-06-15 09:00:00,Black Carbon,BCGAPCOM,BC,GAPCOM,microg/m3,0.33,0.8181818181818182,0.1818181818181818
2024-06-15 10:00:00,Black Carbon,BCGAPCOM,BC,GAPCOM,microg/m3,0.3,0.8,0.2
2024-06-15 11:00:00,Black Carbon,BCGAPCOM,BC,GAPCOM,microg/m3,0.25,0.68,0.32
2024-06-15 12:00:00,Black Carbon,BCGAPCOM,BC,GAPCOM,microg/m3,0.29000000000000004,0.793103448275862,0.2068965517241379
2024-06-15 13:00:00,Black Carbon,BCGAPCOM,BC,GAPCOM,microg/m3,0.31,0.8064516129032259,0.1935483870967742
2024-06-15 14:00:00,Black Carbon,BCGAPCOM,BC,GAPCOM,microg/m3,0.52,0.8269230769230769,0.17307692307692307
2024-06-15 15:00:00,Black Carbon,BCGAPCOM,BC,GAPCOM,microg/m3,0.44999999999999996,0.8,0.2
2024-06-15 16:00:00,Black Carbon,BCGAPCOM,BC,GAPCOM,microg/m3,0.27,0.7777777777777777,0.2222222222222222
2024-06-15 17:00:00,Black Carbon,BCGAPCOM,BC,GAPCOM,microg/m3,0.22000000000000003,0.7727272727272727,0.22727272727272727
2024-06-15 18:00:00,Black Carbon,BCGAPCOM,BC,GAPCOM,microg/m3,0.17,0.5882352941176471,0.411764705882353
2024-06-15 19:00:00,Black Carbon,BCGAPCOM,BC,GAPCOM,microg/m3,0.71,0.6619718309859155,0.3380281690140845
2024-06-15 20:00:00,Black Carbon,BCGAPCOM,BC,GAPCOM,microg/m3,0.72,0.6944444444444444,0.3055555555555556
2024-06-15 21:00:00,Black Carbon,BCGAPCOM,BC,GAPCOM,microg/m3,0.68,0.7941176470588235,0.2058823529411765
2024-06-15 22:00:00,Black Carbon,BCGAPCOM,BC,GAPCOM,microg/m3,0.5,0.78,0.22
2024-06-15 23:00:00,Black Carbon,BCGAPCOM,BC,GAPCOM,microg/m3,0.48,0.8125000000000001,0.1875
2024-06-16 00:00:00,Black Carbon,BCGAPCOM,BC,GAPCOM,microg/m3,0.51,0.8039215686274509,0.19607843137254902
2024-06-16 01:00:00,Black Carbon,BCGAPCOM,BC,GAPCOM,microg/m3,0.39,0.8461538461538461,0.15384615384615383
2024-06-16 02:00:00,Black Carbon,BCGAPCOM,BC,GAPCOM,microg/m3,0.37,0.8378378378378378,0.16216216216216217
2024-06-16 03:00:00,Black Carbon,BCGAPCOM,BC,GAPCOM,microg/m3,0.27,0.8518518518518519,0.14814814814814814
2024-06-16 04:00:00,Black Carbon,BCGAPCOM,BC,GAPCOM,microg/m3,0.19,0.8421052631578947,0.15789473684210525
2024-06-16 05:00:00,Black Carbon,BCGAPCOM,BC,GAPCOM,microg/m3,0.54,0.8888888888888888,0.1111111111111111
2024-06-16 06:00:00,Black Carbon,BCGAPCOM,BC,GAPCOM,microg/m3,0.26,0.8076923076923076,0.19230769230769232
2024-06-16 07:00:00,Black Carbon,BCGAPCOM,BC,GAPCOM,microg/m3,0.16,0.8125,0.1875
2024-06-16 08:00:00,Black Carbon,BCGAPCOM,BC,GAPCOM,microg/m3,0.16,0.6875,0.3125
2024-06-16 09:00:00,Black Carbon,BCGAPCOM,BC,GAPCOM,microg/m3,0.14,0.5714285714285714,0.4285714285714285
2024-06-16 10:00:00,Black Carbon,BCGAPCOM,BC,GAPCOM,microg/m3,0.13,0.5384615384615385,0.4615384615384615
2024-06-16 11:00:00,Black Carbon,BCGAPCOM,BC,GAPCOM,microg/m3,0.13,0.5384615384615385,0.4615384615384615
2024-06-16 12:00:00,Black Carbon,BCGAPCOM,BC,GAPCOM,microg/m3,0.12,0.75,0.25
2024-06-16 13:00:00,Black Carbon,BCGAPCOM,BC,GAPCOM,microg/m3,0.1,0.19999999999999998,0.7999999999999999
2024-06-16 14:00:00,Black Carbon,BCGAPCOM,BC,GAPCOM,microg/m3,0.09,0.888888888888889,0.11111111111111112
2024-06-16 15:00:00,Black Carbon,BCGAPCOM,BC,GAPCOM,microg/m3,,,
2024-06-16 16:00:00,Black Carbon,BCGAPCOM,BC,GAPCOM,microg/m3,0.11,0.8181818181818181,0.18181818181818182
2024-06-16 17:00:00,Black Carbon,BCGAPCOM,BC,GAPCOM,microg/m3,0.1,0.7999999999999999,0.19999999999999998
2024-06-16 18:00:00,Black Carbon,BCGAPCOM,BC,GAPCOM,microg/m3,0.09,0.5555555555555556,0.4444444444444445
2024-06-16 19:00:00,Black Carbon,BCGAPCOM,BC,GAPCOM,microg/m3,0.1,0.6,0.39999999999999997
2024-06-16 20:00:00,Black Carbon,BCGAPCOM,BC,GAPCOM,microg/m3,0.12,0.6666666666666667,0.33333333333333337
2024-06-16 21:00:00,Black Carbon,BCGAPCOM,BC,GAPCOM,microg/m3,0.43,0.8604651162790697,0.13953488372093023
2024-06-16 22:00:00,Black Carbon,BCGAPCOM,BC,GAPCOM,microg/m3,0.22,0.8636363636363636,0.13636363636363635
2024-06-16 23:00:00,Black Carbon,BCGAPCOM,BC,GAPCOM,microg/m3,0.19,0.7894736842105263,0.21052631578947367
2024-06-17 00:00:00,Black Carbon,BCGAPCOM,BC,GAPCOM,microg/m3,0.15,0.8,0.2
2024-06-17 01:00:00,Black Carbon,BCGAPCOM,BC,GAPCOM,microg/m3,0.11,0.8181818181818181,0.18181818181818182
2024-06-17 02:00:00,Black Carbon,BCGAPCOM,BC,GAPCOM,microg/m3,0.09,0.6666666666666666,0.3333333333333333
2024-06-17 03:00:00,Black Carbon,BCGAPCOM,BC,GAPCOM,microg/m3,0.12,0.6666666666666667,0.33333333333333337
2024-06-17 04:00:00,Black Carbon,BCGAPCOM,BC,GAPCOM,microg/m3,0.21000000000000002,0.8095238095238095,0.19047619047619047
2024-06-17 05:00:00,Black Carbon,BCGAPCOM,BC,GAPCOM,microg/m3,0.5700000000000001,0.8771929824561403,0.12280701754385964
2024-06-17 06:00:00,Black Carbon,BCGAPCOM,BC,GAPCOM,microg/m3,0.61,0.8524590163934427,0.14754098360655737
2024-06-17 07:00:00,Black Carbon,BCGAPCOM,BC,GAPCOM,microg/m3,0.42,0.8571428571428571,0.14285714285714285
2024-06-17 08:00:00,Black Carbon,BCGAPCOM,BC,GAPCOM,microg/m3,0.29000000000000004,0.8965517241379309,0.10344827586206895
2024-06-17 09:00:00,Black Carbon,BCGAPCOM,BC,GAPCOM,microg/m3,0.22999999999999998,0.782608695652174,0.2173913043478261
2024-06-17 10:00:00,Black Carbon,BCGAPCOM,BC,GAPCOM,microg/m3,0.21,0.7142857142857143,0.2857142857142857
2024-06-17 11:00:00,Black Carbon,BCGAPCOM,BC,GAPCOM,microg/m3,0.16,0.75,0.25
2024-06-17 12:00:00,Black Carbon,BCGAPCOM,BC,GAPCOM,microg/m3,0.15000000000000002,1.1333333333333333,-0.1333333333333333
2024-06-17 13:00:00,Black Carbon,BCGAPCOM,BC,GAPCOM,microg/m3,0.15,0.13333333333333333,0.8666666666666667
2024-06-17 14:00:00,Black Carbon,BCGAPCOM,BC,GAPCOM,microg/m3,0.18,0.7222222222222223,0.2777777777777778
2024-06-17 15:00:00,Black Carbon,BCGAPCOM,BC,GAPCOM,microg/m3,0.17,1.0,0.0
2024-06-17 16:00:00,Black Carbon,BCGAPCOM,BC,GAPCOM,microg/m3,0.18,0.8333333333333334,0.16666666666666666
2024-06-17 17:00:00,Black Carbon,BCGAPCOM,BC,GAPCOM,microg/m3,0.21000000000000002,0.8095238095238095,0.19047619047619047
2024-06-17 18:00:00,Black Carbon,BCGAPCOM,BC,GAPCOM,microg/m3,0.27999999999999997,0.8571428571428572,0.14285714285714288
2024-06-17 19:00:00,Black Carbon,BCGAPCOM,BC,GAPCOM,microg/m3,0.28,0.7857142857142857,0.21428571428571425
2024-06-17 20:00:00,Black Carbon,BCGAPCOM,BC,GAPCOM,microg/m3,0.43000000000000005,0.7906976744186046,0.2093023255813953
2024-06-17 21:00:00,Black Carbon,BCGAPCOM,BC,GAPCOM,microg/m3,0.43999999999999995,0.7954545454545455,0.20454545454545456
2024-06-17 22:00:00,Black Carbon,BCGAPCOM,BC,GAPCOM,microg/m3,0.44,0.8409090909090909,0.15909090909090912
2024-06-17 23:00:00,Black Carbon,BCGAPCOM,BC,GAPCOM,microg/m3,0.34,0.7647058823529411,0.23529411764705882
2024-06-18 00:00:00,Black Carbon,BCGAPCOM,BC,GAPCOM,microg/m3,0.26,0.8076923076923076,0.19230769230769232
2024-06-18 01:00:00,Black Carbon,BCGAPCOM,BC,GAPCOM,microg/m3,0.19,0.736842105263158,0.2631578947368421
2024-06-18 02:00:00,Black Carbon,BCGAPCOM,BC,GAPCOM,microg/m3,0.19,0.736842105263158,0.2631578947368421
2024-06-18 03:00:00,Black Carbon,BCGAPCOM,BC,GAPCOM,microg/m3,0.26,0.8076923076923076,0.19230769230769232
2024-06-18 04:00:00,Black Carbon,BCGAPCOM,BC,GAPCOM,microg/m3,0.48,0.7916666666666667,0.20833333333333334
2024-06-18 05:00:00,Black Carbon,BCGAPCOM,BC,GAPCOM,microg/m3,0.5800000000000001,0.793103448275862,0.2068965517241379
2024-06-18 06:00:00,Black Carbon,BCGAPCOM,BC,GAPCOM,microg/m3,0.61,0.8032786885245902,0.19672131147540983
2024-06-18 07:00:00,Black Carbon,BCGAPCOM,BC,GAPCOM,microg/m3,0.47000000000000003,0.8297872340425532,0.1702127659574468
2024-06-18 08:00:00,Black Carbon,BCGAPCOM,BC,GAPCOM,microg/m3,0.36,0.8055555555555556,0.19444444444444448
2024-06-18 09:00:00,Black Carbon,BCGAPCOM,BC,GAPCOM,microg/m3,0.37,0.7567567567567568,0.24324324324324323
2024-06-18 10:00:00,Black Carbon,BCGAPCOM,BC,GAPCOM,microg/m3,,,
2024-06-18 11:00:00,Black Carbon,BCGAPCOM,BC,GAPCOM,microg/m3,,,
2024-06-18 12:00:00,Black Carbon,BCGAPCOM,BC,GAPCOM,microg/m3,,,
2024-06-18 13:00:00,Black Carbon,BCGAPCOM,BC,GAPCOM,microg/m3,,,
2024-06-18 14:00:00,Black Carbon,BCGAPCOM,BC,GAPCOM,microg/m3,,,
2024-06-18 15:00:00,Black Carbon,BCGAPCOM,BC,GAPCOM,microg/m3,,,
2024-06-18 16:00:00,Black Carbon,BCGAPCOM,BC,GAPCOM,microg/m3,,,
2024-06-18 17:00:00,Black Carbon,BCGAPCOM,BC,GAPCOM,microg/m3,,,
2024-06-18 18:00:00,Black Carbon,BCGAPCOM,BC,GAPCOM,microg/m3,,,
2024-06-18 19:00:00,Black Carbon,BCGAPCOM,BC,GAPCOM,microg/m3,,,
2024-06-18 20:00:00,Black Carbon,BCGAPCOM,BC,GAPCOM,microg/m3,,,
2024-06-18 21:00:00,Black Carbon,BCGAPCOM,BC,GAPCOM,microg/m3,,,
2024-06-18 22:00:00,Black Carbon,BCGAPCOM,BC,GAPCOM,microg/m3,,,
2024-06-18 23:00:00,Black Carbon,BCGAPCOM,BC,GAPCOM,microg/m3,,,
2024-06-13 01:00:00,Black Carbon,BCARSON,BC,ARSON,microg/m3,0.76,0.8815789473684211,0.11842105263157894
2024-06-13 02:00:00,Black Carbon,BCARSON,BC,ARSON,microg/m3,0.51,0.8431372549019608,0.1568627450980392
2024-06-13 03:00:00,Black Carbon,BCARSON,BC,ARSON,microg/m3,0.48,0.8541666666666666,0.14583333333333334
2024-06-13 04:00:00,Black Carbon,BCARSON,BC,ARSON,microg/m3,0.6,0.8666666666666667,0.13333333333333333
2024-06-13 05:00:00,Black Carbon,BCARSON,BC,ARSON,microg/m3,0.9400000000000001,0.8617021276595744,0.13829787234042554
2024-06-13 06:00:00,Black Carbon,BCARSON,BC,ARSON,microg/m3,1.59,0.8553459119496856,0.14465408805031446
2024-06-13 07:00:00,Black Carbon,BCARSON,BC,ARSON,microg/m3,1.76,0.8522727272727273,0.14772727272727273
2024-06-13 08:00:00,Black Carbon,BCARSON,BC,ARSON,microg/m3,1.15,0.8608695652173913,0.1391304347826087
2024-06-13 09:00:00,Black Carbon,BCARSON,BC,ARSON,microg/m3,0.75,0.8933333333333334,0.10666666666666667
2024-06-13 10:00:00,Black Carbon,BCARSON,BC,ARSON,microg/m3,0.7,0.8428571428571429,0.15714285714285717
2024-06-13 11:00:00,Black Carbon,BCARSON,BC,ARSON,microg/m3,0.9,0.8666666666666667,0.13333333333333333
2024-06-13 12:00:00,Black Carbon,BCARSON,BC,ARSON,microg/m3,0.51,0.8823529411764706,0.11764705882352941
2024-06-13 13:00:00,Black Carbon,BCARSON,BC,ARSON,microg/m3,0.76,0.8552631578947368,0.14473684210526316
2024-06-13 14:00:00,Black Carbon,BCARSON,BC,ARSON,microg/m3,0.31,0.870967741935484,0.12903225806451613
2024-06-13 15:00:00,Black Carbon,BCARSON,BC,ARSON,microg/m3,0.45,0.8444444444444444,0.15555555555555556
2024-06-13 16:00:00,Black Carbon,BCARSON,BC,ARSON,microg/m3,0.45,0.888888888888889,0.11111111111111112
2024-06-13 17:00:00,Black Carbon,BCARSON,BC,ARSON,microg/m3,0.48000000000000004,0.8333333333333333,0.16666666666666666
2024-06-13 18:00:00,Black Carbon,BCARSON,BC,ARSON,microg/m3,0.69,0.8985507246376813,0.10144927536231886
2024-06-13 19:00:00,Black Carbon,BCARSON,BC,ARSON,microg/m3,0.48,0.8541666666666666,0.14583333333333334
2024-06-13 20:00:00,Black Carbon,BCARSON,BC,ARSON,microg/m3,0.5700000000000001,0.8771929824561403,0.12280701754385964
2024-06-13 21:00:00,Black Carbon,BCARSON,BC,ARSON,microg/m3,0.46,0.8695652173913043,0.13043478260869565
2024-06-13 22:00:00,Black Carbon,BCARSON,BC,ARSON,microg/m3,0.95,0.8736842105263158,0.12631578947368421
2024-06-13 23:00:00,Black Carbon,BCARSON,BC,ARSON,microg/m3,0.7899999999999999,0.8734177215189873,0.12658227848101267
2024-06-14 00:00:00,Black Carbon,BCARSON,BC,ARSON,microg/m3,0.53,0.8490566037735849,0.1509433962264151
2024-06-14 01:00:00,Black Carbon,BCARSON,BC,ARSON,microg/m3,0.5,0.84,0.16
2024-06-14 02:00:00,Black Carbon,BCARSON,BC,ARSON,microg/m3,0.5,0.86,0.14
2024-06-14 03:00:00,Black Carbon,BCARSON,BC,ARSON,microg/m3,0.47000000000000003,0.8297872340425532,0.1702127659574468
2024-06-14 04:00:00,Black Carbon,BCARSON,BC,ARSON,microg/m3,0.57,0.8596491228070176,0.14035087719298248
2024-06-14 05:00:00,Black Carbon,BCARSON,BC,ARSON,microg/m3,0.86,0.872093023255814,0.12790697674418605
2024-06-14 06:00:00,Black Carbon,BCARSON,BC,ARSON,microg/m3,1.5699999999999998,0.8853503184713376,0.11464968152866242
2024-06-14 07:00:00,Black Carbon,BCARSON,BC,ARSON,microg/m3,1.24,0.870967741935484,0.12903225806451613
2024-06-14 08:00:00,Black Carbon,BCARSON,BC,ARSON,microg/m3,1.1,0.9181818181818181,0.0818181818181818
2024-06-14 09:00:00,Black Carbon,BCARSON,BC,ARSON,microg/m3,1.45,0.9586206896551723,0.041379310344827586
2024-06-14 10:00:00,Black Carbon,BCARSON,BC,ARSON,microg/m3,1.66,1.0120481927710843,-0.012048192771084338
2024-06-14 11:00:00,Black Carbon,BCARSON,BC,ARSON,microg/m3,1.1800000000000002,0.9491525423728813,0.050847457627118633
2024-06-14 12:00:00,Black Carbon,BCARSON,BC,ARSON,microg/m3,1.22,0.9590163934426229,0.04098360655737705
2024-06-14 13:00:00,Black Carbon,BCARSON,BC,ARSON,microg/m3,1.09,0.9908256880733944,0.009174311926605503
2024-06-14 14:00:00,Black Carbon,BCARSON,BC,ARSON,microg/m3,0.79,1.0,0.0
2024-06-14 15:00:00,Black Carbon,BCARSON,BC,ARSON,microg/m3,0.99,1.0,0.0
2024-06-14 16:00:00,Black Carbon,BCARSON,BC,ARSON,microg/m3,1.35,0.9703703703703703,0.029629629629629627
2024-06-14 17:00:00,Black Carbon,BCARSON,BC,ARSON,microg/m3,1.45,0.9793103448275862,0.020689655172413793
2024-06-14 18:00:00,Black Carbon,BCARSON,BC,ARSON,microg/m3,1.1900000000000002,0.9411764705882353,0.058823529411764705
2024-06-14 19:00:00,Black Carbon,BCARSON,BC,ARSON,microg/m3,0.49,0.9387755102040817,0.061224489795918366
2024-06-14 20:00:00,Black Carbon,BCARSON,BC,ARSON,microg/m3,0.32,1.0,0.0
2024-06-14 21:00:00,Black Carbon,BCARSON,BC,ARSON,microg/m3,0.25,1.0,0.0
2024-06-14 22:00:00,Black Carbon,BCARSON,BC,ARSON,microg/m3,,,
2024-06-14 23:00:00,Black Carbon,BCARSON,BC,ARSON,microg/m3,,,
2024-06-15 00:00:00,Black Carbon,BCARSON,BC,ARSON,microg/m3,,,
2024-06-15 01:00:00,Black Carbon,BCARSON,BC,ARSON,microg/m3,,,
2024-06-15 02:00:00,Black Carbon,BCARSON,BC,ARSON,microg/m3,0.31,0.9677419354838709,0.03225806451612903
2024-06-15 03:00:00,Black Carbon,BCARSON,BC,ARSON,microg/m3,,,
2024-06-15 04:00:00,Black Carbon,BCARSON,BC,ARSON,microg/m3,0.54,0.9074074074074073,0.09259259259259259
2024-06-15 05:00:00,Black Carbon,BCARSON,BC,ARSON,microg/m3,0.6799999999999999,0.911764705882353,0.08823529411764706
2024-06-15 06:00:00,Black Carbon,BCARSON,BC,ARSON,microg/m3,0.91,0.8681318681318682,0.13186813186813187
2024-06-15 07:00:00,Black Carbon,BCARSON,BC,ARSON,microg/m3,0.74,0.8513513513513513,0.14864864864864866
2024-06-15 08:00:00,Black Carbon,BCARSON,BC,ARSON,microg/m3,0.6100000000000001,0.901639344262295,0.0983606557377049
2024-06-15 09:00:00,Black Carbon,BCARSON,BC,ARSON,microg/m3,,,
2024-06-15 10:00:00,Black Carbon,BCARSON,BC,ARSON,microg/m3,,,
2024-06-15 11:00:00,Black Carbon,BCARSON,BC,ARSON,microg/m3,,,
2024-06-15 12:00:00,Black Carbon,BCARSON,BC,ARSON,microg/m3,,,
2024-06-15 13:00:00,Black Carbon,BCARSON,BC,ARSON,microg/m3,,,
2024-06-15 14:00:00,Black Carbon,BCARSON,BC,ARSON,microg/m3,,,
2024-06-15 15:00:00,Black Carbon,BCARSON,BC,ARSON,microg/m3,,,
2024-06-15 16:00:00,Black Carbon,BCARSON,BC,ARSON,microg/m3,0.81,0.9135802469135802,0.08641975308641976
2024-06-15 17:00:00,Black Carbon,BCARSON,BC,ARSON,microg/m3,0.64,0.859375,0.140625
2024-06-15 18:00:00,Black Carbon,BCARSON,BC,ARSON,microg/m3,0.6699999999999999,0.8805970149253732,0.11940298507462688
2024-06-15 19:00:00,Black Carbon,BCARSON,BC,ARSON,microg/m3,1.14,0.8245614035087719,0.1754385964912281
2024-06-15 20:00:00,Black Carbon,BCARSON,BC,ARSON,microg/m3,0.6299999999999999,0.9047619047619049,0.09523809523809525
2024-06-15 21:00:00,Black Carbon,BCARSON,BC,ARSON,microg/m3,0.25,0.88,0.12
2024-06-15 22:00:00,Black Carbon,BCARSON,BC,ARSON,microg/m3,0.26,0.8846153846153846,0.11538461538461538
2024-06-15 23:00:00,Black Carbon,BCARSON,BC,ARSON,microg/m3,0.5499999999999999,0.8545454545454546,0.14545454545454548
2024-06-16 00:00:00,Black Carbon,BCARSON,BC,ARSON,microg/m3,0.65,0.8461538461538461,0.15384615384615385
2024-06-16 01:00:00,Black Carbon,BCARSON,BC,ARSON,microg/m3,0.58,0.8448275862068966,0.15517241379310345
2024-06-16 02:00:00,Black Carbon,BCARSON,BC,ARSON,microg/m3,0.53,0.830188679245283,0.16981132075471697
2024-06-16 03:00:00,Black Carbon,BCARSON,BC,ARSON,microg/m3,0.48,0.8541666666666666,0.14583333333333334
2024-06-16 04:00:00,Black Carbon,BCARSON,BC,ARSON,microg/m3,0.56,0.8749999999999999,0.125
2024-06-16 05:00:00,Black Carbon,BCARSON,BC,ARSON,microg/m3,0.71,0.8028169014084506,0.1971830985915493
2024-06-16 06:00:00,Black Carbon,BCARSON,BC,ARSON,microg/m3,0.77,0.8311688311688311,0.16883116883116883
2024-06-16 07:00:00,Black Carbon,BCARSON,BC,ARSON,microg/m3,0.76,0.9210526315789473,0.07894736842105263
2024-06-16 08:00:00,Black Carbon,BCARSON,BC,ARSON,microg/m3,0.37,0.9459459459459459,0.05405405405405406
2024-06-16 09:00:00,Black Carbon,BCARSON,BC,ARSON,microg/m3,0.43,0.9534883720930232,0.046511627906976744
2024-06-16 10:00:00,Black Carbon,BCARSON,BC,ARSON,microg/m3,0.4,0.975,0.024999999999999998
2024-06-16 11:00:00,Black Carbon,BCARSON,BC,ARSON,microg/m3,,,
2024-06-16 12:00:00,Black Carbon,BCARSON,BC,ARSON,microg/m3,,,
2024-06-16 13:00:00,Black Carbon,BCARSON,BC,ARSON,microg/m3,0.46,0.9782608695652174,0.021739130434782608
2024-06-16 14:00:00,Black Carbon,BCARSON,BC,ARSON,microg/m3,,,
2024-06-16 15:00:00,Black Carbon,BCARSON,BC,ARSON,microg/m3,0.43999999999999995,0.9318181818181819,0.06818181818181819
2024-06-16 16:00:00,Black Carbon,BCARSON,BC,ARSON,microg/m3,0.6,1.0,0.0
2024-06-16 17:00:00,Black Carbon,BCARSON,BC,ARSON,microg/m3,0.39999999999999997,0.9,0.1
2024-06-16 18:00:00,Black Carbon,BCARSON,BC,ARSON,microg/m3,0.45,0.888888888888889,0.11111111111111112
2024-06-16 19:00:00,Black Carbon,BCARSON,BC,ARSON,microg/m3,0.38999999999999996,0.8974358974358975,0.10256410256410257
2024-06-16 20:00:00,Black Carbon,BCARSON,BC,ARSON,microg/m3,0.33999999999999997,0.911764705882353,0.08823529411764706
2024-06-16 21:00:00,Black Carbon,BCARSON,BC,ARSON,microg/m3,0.42,0.9047619047619048,0.09523809523809525
2024-06-16 22:00:00,Black Carbon,BCARSON,BC,ARSON,microg/m3,0.44,0.8863636363636364,0.11363636363636365
2024-06-16 23:00:00,Black Carbon,BCARSON,BC,ARSON,microg/m3,1.02,0.8333333333333333,0.16666666666666669
2024-06-17 00:00:00,Black Carbon,BCARSON,BC,ARSON,microg/m3,0.77,0.8441558441558442,0.15584415584415584
2024-06-17 01:00:00,Black Carbon,BCARSON,BC,ARSON,microg/m3,0.53,0.830188679245283,0.16981132075471697
2024-06-17 02:00:00,Black Carbon,BCARSON,BC,ARSON,microg/m3,0.51,0.8431372549019608,0.1568627450980392
2024-06-17 03:00:00,Black Carbon,BCARSON,BC,ARSON,microg/m3,0.5599999999999999,0.8392857142857143,0.16071428571428573
2024-06-17 04:00:00,Black Carbon,BCARSON,BC,ARSON,microg/m3,0.64,0.859375,0.140625
2024-06-17 05:00:00,Black Carbon,BCARSON,BC,ARSON,microg/m3,0.97,0.845360824742268,0.15463917525773196
2024-06-17 06:00:00,Black Carbon,BCARSON,BC,ARSON,microg/m3,1.3699999999999999,0.854014598540146,0.14598540145985403
2024-06-17 07:00:00,Black Carbon,BCARSON,BC,ARSON,microg/m3,1.54,0.8831168831168832,0.11688311688311688
2024-06-17 08:00:00,Black Carbon,BCARSON,BC,ARSON,microg/m3,0.38,0.868421052631579,0.13157894736842105
2024-06-17 09:00:00,Black Carbon,BCARSON,BC,ARSON,microg/m3,0.48,0.8541666666666666,0.14583333333333334
2024-06-17 10:00:00,Black Carbon,BCARSON,BC,ARSON,microg/m3,0.41,0.8780487804878049,0.12195121951219513
2024-06-17 11:00:00,Black Carbon,BCARSON,BC,ARSON,microg/m3,0.29000000000000004,0.793103448275862,0.2068965517241379
2024-06-17 12:00:00,Black Carbon,BCARSON,BC,ARSON,microg/m3,,,
2024-06-17 13:00:00,Black Carbon,BCARSON,BC,ARSON,microg/m3,,,
2024-06-17 14:00:00,Black Carbon,BCARSON,BC,ARSON,microg/m3,,,
2024-06-17 15:00:00,Black Carbon,BCARSON,BC,ARSON,microg/m3,0.23,0.8695652173913043,0.13043478260869565
2024-06-17 16:00:00,Black Carbon,BCARSON,BC,ARSON,microg/m3,0.31,0.9354838709677419,0.06451612903225806
2024-06-17 17:00:00,Black Carbon,BCARSON,BC,ARSON,microg/m3,0.32999999999999996,0.9090909090909092,0.09090909090909091
2024-06-17 18:00:00,Black Carbon,BCARSON,BC,ARSON,microg/m3,0.31,0.870967741935484,0.12903225806451613
2024-06-17 19:00:00,Black Carbon,BCARSON,BC,ARSON,microg/m3,0.31999999999999995,0.9062500000000001,0.09375000000000001
2024-06-17 20:00:00,Black Carbon,BCARSON,BC,ARSON,microg/m3,0.31000000000000005,0.9032258064516129,0.09677419354838708
2024-06-17 21:00:00,Black Carbon,BCARSON,BC,ARSON,microg/m3,0.44,0.8863636363636364,0.11363636363636365
2024-06-17 22:00:00,Black Carbon,BCARSON,BC,ARSON,microg/m3,0.39999999999999997,0.875,0.12500000000000003
2024-06-17 23:00:00,Black Carbon,BCARSON,BC,ARSON,microg/m3,1.03,0.8543689320388349,0.14563106796116504
2024-06-18 00:00:00,Black Carbon,BCARSON,BC,ARSON,microg/m3,0.82,0.8414634146341463,0.15853658536585366
2024-06-18 01:00:00,Black Carbon,BCARSON,BC,ARSON,microg/m3,0.54,0.8518518518518519,0.14814814814814814
2024-06-18 02:00:00,Black Carbon,BCARSON,BC,ARSON,microg/m3,0.42,0.8333333333333333,0.16666666666666669
2024-06-18 03:00:00,Black Carbon,BCARSON,BC,ARSON,microg/m3,0.49,0.836734693877551,0.163265306122449
2024-06-18 04:00:00,Black Carbon,BCARSON,BC,ARSON,microg/m3,0.6699999999999999,0.8656716417910448,0.13432835820895522
2024-06-18 05:00:00,Black Carbon,BCARSON,BC,ARSON,microg/m3,0.98,0.8877551020408163,0.11224489795918367
2024-06-18 06:00:00,Black Carbon,BCARSON,BC,ARSON,microg/m3,1.79,0.888268156424581,0.111731843575419
2024-06-18 07:00:00,Black Carbon,BCARSON,BC,ARSON,microg/m3,3.08,0.8766233766233766,0.12337662337662338
2024-06-18 08:00:00,Black Carbon,BCARSON,BC,ARSON,microg/m3,0.78,0.8333333333333334,0.16666666666666666
2024-06-18 09:00:00,Black Carbon,BCARSON,BC,ARSON,microg/m3,0.3,0.8333333333333334,0.16666666666666669
2024-06-18 10:00:00,Black Carbon,BCARSON,BC,ARSON,microg/m3,,,
2024-06-18 11:00:00,Black Carbon,BCARSON,BC,ARSON,microg/m3,,,
2024-06-18 12:00:00,Black Carbon,BCARSON,BC,ARSON,microg/m3,,,
2024-06-18 13:00:00,Black Carbon,BCARSON,BC,ARSON,microg/m3,,,
2024-06-18 14:00:00,Black Carbon,BCARSON,BC,ARSON,microg/m3,,,
2024-06-18 15:00:00,Black Carbon,BCARSON,BC,ARSON,microg/m3,,,
2024-06-18 16:00:00,Black Carbon,BCARSON,BC,ARSON,microg/m3,,,
2024-06-18 17:00:00,Black Carbon,BCARSON,BC,ARSON,microg/m3,,,
2024-06-18 18:00:00,Black Carbon,BCARSON,BC,ARSON,microg/m3,,,
2024-06-18 19:00:00,Black Carbon,BCARSON,BC,ARSON,microg/m3,,,
2024-06-18 20:00:00,Black Carbon,BCARSON,BC,ARSON,microg/m3,,,
2024-06-18 21:00:00,Black Carbon,BCARSON,BC,ARSON,microg/m3,,,
2024-06-18 22:00:00,Black Carbon,BCARSON,BC,ARSON,microg/m3,,,
2024-06-18 23:00:00,Black Carbon,BCARSON,BC,ARSON,microg/m3,,,
2024-06-13 01:00:00,Black Carbon,BCCINQAV,BC,CINQAV,ug/m3,0.2,0.7999999999999999,0.19999999999999998
2024-06-13 02:00:00,Black Carbon,BCCINQAV,BC,CINQAV,ug/m3,0.22,0.8181818181818181,0.18181818181818182
2024-06-13 03:00:00,Black Carbon,BCCINQAV,BC,CINQAV,ug/m3,0.24000000000000002,0.8333333333333333,0.16666666666666666
2024-06-13 04:00:00,Black Carbon,BCCINQAV,BC,CINQAV,ug/m3,0.27,0.8148148148148148,0.18518518518518517
2024-06-13 05:00:00,Black Carbon,BCCINQAV,BC,CINQAV,ug/m3,0.46,0.8695652173913043,0.13043478260869565
2024-06-13 06:00:00,Black Carbon,BCCINQAV,BC,CINQAV,ug/m3,0.63,0.8730158730158731,0.12698412698412698
2024-06-13 07:00:00,Black Carbon,BCCINQAV,BC,CINQAV,ug/m3,0.59,0.864406779661017,0.13559322033898305
2024-06-13 08:00:00,Black Carbon,BCCINQAV,BC,CINQAV,ug/m3,0.59,0.864406779661017,0.13559322033898305
2024-06-13 09:00:00,Black Carbon,BCCINQAV,BC,CINQAV,ug/m3,0.5599999999999999,0.8571428571428572,0.14285714285714288
2024-06-13 10:00:00,Black Carbon,BCCINQAV,BC,CINQAV,ug/m3,0.75,0.8133333333333334,0.18666666666666668
2024-06-13 11:00:00,Black Carbon,BCCINQAV,BC,CINQAV,ug/m3,0.6,0.8666666666666667,0.13333333333333333
2024-06-13 12:00:00,Black Carbon,BCCINQAV,BC,CINQAV,ug/m3,0.51,0.8627450980392157,0.13725490196078433
2024-06-13 13:00:00,Black Carbon,BCCINQAV,BC,CINQAV,ug/m3,0.6100000000000001,0.8852459016393441,0.11475409836065573
2024-06-13 14:00:00,Black Carbon,BCCINQAV,BC,CINQAV,ug/m3,0.46,0.8478260869565217,0.15217391304347827
2024-06-13 15:00:00,Black Carbon,BCCINQAV,BC,CINQAV,ug/m3,0.42,0.8809523809523809,0.11904761904761905
2024-06-13 16:00:00,Black Carbon,BCCINQAV,BC,CINQAV,ug/m3,0.34,0.823529411764706,0.1764705882352941
2024-06-13 17:00:00,Black Carbon,BCCINQAV,BC,CINQAV,ug/m3,0.43,0.8604651162790697,0.13953488372093023
2024-06-13 18:00:00,Black Carbon,BCCINQAV,BC,CINQAV,ug/m3,0.44,0.8863636363636364,0.11363636363636365
2024-06-13 19:00:00,Black Carbon,BCCINQAV,BC,CINQAV,ug/m3,0.44,0.9090909090909092,0.09090909090909091
2024-06-13 20:00:00,Black Carbon,BCCINQAV,BC,CINQAV,ug/m3,0.52,1.0192307692307692,-0.019230769230769232
2024-06-13 21:00:00,Black Carbon,BCCINQAV,BC,CINQAV,ug/m3,0.49,1.0,0.0
2024-06-13 22:00:00,Black Carbon,BCCINQAV,BC,CINQAV,ug/m3,0.43999999999999995,0.9318181818181819,0.06818181818181819
2024-06-13 23:00:00,Black Carbon,BCCINQAV,BC,CINQAV,ug/m3,0.88,0.875,0.125
2024-06-14 00:00:00,Black Carbon,BCCINQAV,BC,CINQAV,ug/m3,0.44,0.8636363636363636,0.13636363636363635
2024-06-14 01:00:00,Black Carbon,BCCINQAV,BC,CINQAV,ug/m3,0.35,0.8571428571428572,0.14285714285714288
2024-06-14 02:00:00,Black Carbon,BCCINQAV,BC,CINQAV,ug/m3,0.31,0.8387096774193549,0.16129032258064518
2024-06-14 03:00:00,Black Carbon,BCCINQAV,BC,CINQAV,ug/m3,0.27,0.8518518518518519,0.14814814814814814
2024-06-14 04:00:00,Black Carbon,BCCINQAV,BC,CINQAV,ug/m3,0.29,0.8275862068965517,0.1724137931034483
2024-06-14 05:00:00,Black Carbon,BCCINQAV,BC,CINQAV,ug/m3,0.47,0.8723404255319149,0.1276595744680851
2024-06-14 06:00:00,Black Carbon,BCCINQAV,BC,CINQAV,ug/m3,0.8099999999999999,0.8518518518518519,0.14814814814814814
2024-06-14 07:00:00,Black Carbon,BCCINQAV,BC,CINQAV,ug/m3,0.87,0.8275862068965517,0.17241379310344826
2024-06-14 08:00:00,Black Carbon,BCCINQAV,BC,CINQAV,ug/m3,0.49,0.836734693877551,0.163265306122449
2024-06-14 09:00:00,Black Carbon,BCCINQAV,BC,CINQAV,ug/m3,0.38,0.8421052631578947,0.15789473684210525
2024-06-14 10:00:00,Black Carbon,BCCINQAV,BC,CINQAV,ug/m3,0.36,0.8333333333333334,0.16666666666666666
2024-06-14 11:00:00,Black Carbon,BCCINQAV,BC,CINQAV,ug/m3,0.36,0.888888888888889,0.11111111111111112
2024-06-14 12:00:00,Black Carbon,BCCINQAV,BC,CINQAV,ug/m3,0.27,0.8148148148148148,0.18518518518518517
2024-06-14 13:00:00,Black Carbon,BCCINQAV,BC,CINQAV,ug/m3,0.24000000000000002,0.8333333333333333,0.16666666666666666
2024-06-14 14:00:00,Black Carbon,BCCINQAV,BC,CINQAV,ug/m3,0.29,0.8275862068965517,0.1724137931034483
2024-06-14 15:00:00,Black Carbon,BCCINQAV,BC,CINQAV,ug/m3,0.32,0.84375,0.15625
2024-06-14 16:00:00,Black Carbon,BCCINQAV,BC,CINQAV,ug/m3,0.37,0.8648648648648649,0.13513513513513514
2024-06-14 17:00:00,Black Carbon,BCCINQAV,BC,CINQAV,ug/m3,0.3,0.8666666666666667,0.13333333333333333
2024-06-14 18:00:00,Black Carbon,BCCINQAV,BC,CINQAV,ug/m3,0.32,0.84375,0.15625
2024-06-14 19:00:00,Black Carbon,BCCINQAV,BC,CINQAV,ug/m3,0.33,0.8484848484848485,0.15151515151515152
2024-06-14 20:00:00,Black Carbon,BCCINQAV,BC,CINQAV,ug/m3,0.27,0.8148148148148148,0.18518518518518517
2024-06-14 21:00:00,Black Carbon,BCCINQAV,BC,CINQAV,ug/m3,0.29,0.8620689655172414,0.13793103448275865
2024-06-14 22:00:00,Black Carbon,BCCINQAV,BC,CINQAV,ug/m3,0.27999999999999997,0.8571428571428572,0.14285714285714288
2024-06-14 23:00:00,Black Carbon,BCCINQAV,BC,CINQAV,ug/m3,0.21,0.8571428571428571,0.14285714285714285
2024-06-15 00:00:00,Black Carbon,BCCINQAV,BC,CINQAV,ug/m3,0.18,0.888888888888889,0.11111111111111112
2024-06-15 01:00:00,Black Carbon,BCCINQAV,BC,CINQAV,ug/m3,0.15000000000000002,0.9333333333333332,0.06666666666666665
2024-06-15 02:00:00,Black Carbon,BCCINQAV,BC,CINQAV,ug/m3,0.18000000000000002,0.7777777777777778,0.2222222222222222
2024-06-15 03:00:00,Black Carbon,BCCINQAV,BC,CINQAV,ug/m3,0.4,0.825,0.17500000000000002
2024-06-15 04:00:00,Black Carbon,BCCINQAV,BC,CINQAV,ug/m3,0.19999999999999998,0.9,0.1
2024-06-15 05:00:00,Black Carbon,BCCINQAV,BC,CINQAV,ug/m3,0.25,0.92,0.08
2024-06-15 06:00:00,Black Carbon,BCCINQAV,BC,CINQAV,ug/m3,0.25,0.92,0.08
2024-06-15 07:00:00,Black Carbon,BCCINQAV,BC,CINQAV,ug/m3,0.31,0.8387096774193549,0.16129032258064518
2024-06-15 08:00:00,Black Carbon,BCCINQAV,BC,CINQAV,ug/m3,0.26,0.8846153846153846,0.11538461538461538
2024-06-15 09:00:00,Black Carbon,BCCINQAV,BC,CINQAV,ug/m3,0.31999999999999995,0.9062500000000001,0.09375000000000001
2024-06-15 10:00:00,Black Carbon,BCCINQAV,BC,CINQAV,ug/m3,0.26,0.8846153846153846,0.11538461538461538
2024-06-15 11:00:00,Black Carbon,BCCINQAV,BC,CINQAV,ug/m3,0.21,0.8571428571428571,0.14285714285714285
2024-06-15 12:00:00,Black Carbon,BCCINQAV,BC,CINQAV,ug/m3,0.33999999999999997,0.8529411764705882,0.1470588235294118
2024-06-15 13:00:00,Black Carbon,BCCINQAV,BC,CINQAV,ug/m3,0.3,0.8333333333333334,0.16666666666666669
2024-06-15 14:00:00,Black Carbon,BCCINQAV,BC,CINQAV,ug/m3,0.34,0.823529411764706,0.1764705882352941
2024-06-15 15:00:00,Black Carbon,BCCINQAV,BC,CINQAV,ug/m3,0.39,0.8205128205128205,0.1794871794871795
2024-06-15 16:00:00,Black Carbon,BCCINQAV,BC,CINQAV,ug/m3,0.56,0.9285714285714285,0.07142857142857142
2024-06-15 17:00:00,Black Carbon,BCCINQAV,BC,CINQAV,ug/m3,0.46,0.7391304347826088,0.2608695652173913
2024-06-15 18:00:00,Black Carbon,BCCINQAV,BC,CINQAV,ug/m3,0.8799999999999999,0.7954545454545455,0.20454545454545456
2024-06-15 19:00:00,Black Carbon,BCCINQAV,BC,CINQAV,ug/m3,0.78,0.8205128205128205,0.1794871794871795
2024-06-15 20:00:00,Black Carbon,BCCINQAV,BC,CINQAV,ug/m3,0.56,0.7857142857142857,0.21428571428571425
2024-06-15 21:00:00,Black Carbon,BCCINQAV,BC,CINQAV,ug/m3,1.05,0.7619047619047619,0.23809523809523808
2024-06-15 22:00:00,Black Carbon,BCCINQAV,BC,CINQAV,ug/m3,0.87,0.8275862068965517,0.17241379310344826
2024-06-15 23:00:00,Black Carbon,BCCINQAV,BC,CINQAV,ug/m3,0.9600000000000001,0.84375,0.15624999999999997
2024-06-16 00:00:00,Black Carbon,BCCINQAV,BC,CINQAV,ug/m3,0.67,0.8208955223880597,0.1791044776119403
2024-06-16 01:00:00,Black Carbon,BCCINQAV,BC,CINQAV,ug/m3,0.43999999999999995,0.7954545454545455,0.20454545454545456
2024-06-16 02:00:00,Black Carbon,BCCINQAV,BC,CINQAV,ug/m3,0.41000000000000003,0.8292682926829268,0.17073170731707318
2024-06-16 03:00:00,Black Carbon,BCCINQAV,BC,CINQAV,ug/m3,0.35,0.8571428571428572,0.14285714285714288
2024-06-16 04:00:00,Black Carbon,BCCINQAV,BC,CINQAV,ug/m3,0.27,0.8518518518518519,0.14814814814814814
2024-06-16 05:00:00,Black Carbon,BCCINQAV,BC,CINQAV,ug/m3,0.37,0.8648648648648649,0.13513513513513514
2024-06-16 06:00:00,Black Carbon,BCCINQAV,BC,CINQAV,ug/m3,0.37,0.8648648648648649,0.13513513513513514
2024-06-16 07:00:00,Black Carbon,BCCINQAV,BC,CINQAV,ug/m3,0.35,0.8571428571428572,0.14285714285714288
2024-06-16 08:00:00,Black Carbon,BCCINQAV,BC,CINQAV,ug/m3,0.38,0.8421052631578947,0.15789473684210525
2024-06-16 09:00:00,Black Carbon,BCCINQAV,BC,CINQAV,ug/m3,0.44,0.8409090909090909,0.15909090909090912
2024-06-16 10:00:00,Black Carbon,BCCINQAV,BC,CINQAV,ug/m3,0.38,0.8157894736842105,0.1842105263157895
2024-06-16 11:00:00,Black Carbon,BCCINQAV,BC,CINQAV,ug/m3,0.52,0.8653846153846154,0.13461538461538464
2024-06-16 12:00:00,Black Carbon,BCCINQAV,BC,CINQAV,ug/m3,0.33,0.8181818181818182,0.1818181818181818
2024-06-16 13:00:00,Black Carbon,BCCINQAV,BC,CINQAV,ug/m3,0.29,0.8275862068965517,0.1724137931034483
2024-06-16 14:00:00,Black Carbon,BCCINQAV,BC,CINQAV,ug/m3,0.25,0.84,0.16
2024-06-16 15:00:00,Black Carbon,BCCINQAV,BC,CINQAV,ug/m3,0.30000000000000004,0.8999999999999999,0.09999999999999998
2024-06-16 16:00:00,Black Carbon,BCCINQAV,BC,CINQAV,ug/m3,0.2,0.7499999999999999,0.25
2024-06-16 17:00:00,Black Carbon,BCCINQAV,BC,CINQAV,ug/m3,0.37,0.7567567567567568,0.24324324324324323
2024-06-16 18:00:00,Black Carbon,BCCINQAV,BC,CINQAV,ug/m3,0.36,0.8611111111111112,0.1388888888888889
2024-06-16 19:00:00,Black Carbon,BCCINQAV,BC,CINQAV,ug/m3,0.49,0.836734693877551,0.163265306122449
2024-06-16 20:00:00,Black Carbon,BCCINQAV,BC,CINQAV,ug/m3,0.72,0.8611111111111112,0.1388888888888889
2024-06-16 21:00:00,Black Carbon,BCCINQAV,BC,CINQAV,ug/m3,0.72,0.8333333333333334,0.16666666666666666
2024-06-16 22:00:00,Black Carbon,BCCINQAV,BC,CINQAV,ug/m3,1.49,0.8456375838926175,0.15436241610738255
2024-06-16 23:00:00,Black Carbon,BCCINQAV,BC,CINQAV,ug/m3,0.98,0.846938775510204,0.15306122448979592
2024-06-17 00:00:00,Black Carbon,BCCINQAV,BC,CINQAV,ug/m3,0.59,0.8474576271186441,0.15254237288135594
2024-06-17 01:00:00,Black Carbon,BCCINQAV,BC,CINQAV,ug/m3,0.55,0.8363636363636363,0.1636363636363636
2024-06-17 02:00:00,Black Carbon,BCCINQAV,BC,CINQAV,ug/m3,0.47000000000000003,0.8297872340425532,0.1702127659574468
2024-06-17 03:00:00,Black Carbon,BCCINQAV,BC,CINQAV,ug/m3,0.48000000000000004,0.8333333333333333,0.16666666666666666
2024-06-17 04:00:00,Black Carbon,BCCINQAV,BC,CINQAV,ug/m3,0.6799999999999999,0.8382352941176471,0.16176470588235295
2024-06-17 05:00:00,Black Carbon,BCCINQAV,BC,CINQAV,ug/m3,0.83,0.8433734939759036,0.1566265060240964
2024-06-17 06:00:00,Black Carbon,BCCINQAV,BC,CINQAV,ug/m3,0.93,0.8279569892473118,0.17204301075268816
2024-06-17 07:00:00,Black Carbon,BCCINQAV,BC,CINQAV,ug/m3,0.74,0.8513513513513513,0.14864864864864866
2024-06-17 08:00:00,Black Carbon,BCCINQAV,BC,CINQAV,ug/m3,0.52,0.8461538461538461,0.15384615384615385
2024-06-17 09:00:00,Black Carbon,BCCINQAV,BC,CINQAV,ug/m3,0.34,0.7647058823529411,0.23529411764705882
2024-06-17 10:00:00,Black Carbon,BCCINQAV,BC,CINQAV,ug/m3,0.22000000000000003,0.7727272727272727,0.22727272727272727
2024-06-17 11:00:00,Black Carbon,BCCINQAV,BC,CINQAV,ug/m3,0.22999999999999998,0.782608695652174,0.2173913043478261
2024-06-17 12:00:00,Black Carbon,BCCINQAV,BC,CINQAV,ug/m3,0.26,0.8076923076923076,0.19230769230769232
2024-06-17 13:00:00,Black Carbon,BCCINQAV,BC,CINQAV,ug/m3,0.22,0.8181818181818181,0.18181818181818182
2024-06-17 14:00:00,Black Carbon,BCCINQAV,BC,CINQAV,ug/m3,0.26,0.8461538461538461,0.15384615384615385
2024-06-17 15:00:00,Black Carbon,BCCINQAV,BC,CINQAV,ug/m3,0.27,0.8148148148148148,0.18518518518518517
2024-06-17 16:00:00,Black Carbon,BCCINQAV,BC,CINQAV,ug/m3,0.28,0.8214285714285714,0.17857142857142858
2024-06-17 17:00:00,Black Carbon,BCCINQAV,BC,CINQAV,ug/m3,0.28,0.8214285714285714,0.17857142857142858
2024-06-17 18:00:00,Black Carbon,BCCINQAV,BC,CINQAV,ug/m3,0.28,0.7857142857142857,0.21428571428571425
2024-06-17 19:00:00,Black Carbon,BCCINQAV,BC,CINQAV,ug/m3,0.31,0.8064516129032259,0.1935483870967742
2024-06-17 20:00:00,Black Carbon,BCCINQAV,BC,CINQAV,ug/m3,0.42,0.8333333333333333,0.16666666666666669
2024-06-17 21:00:00,Black Carbon,BCCINQAV,BC,CINQAV,ug/m3,0.49,0.8571428571428571,0.14285714285714288
2024-06-17 22:00:00,Black Carbon,BCCINQAV,BC,CINQAV,ug/m3,0.47000000000000003,0.851063829787234,0.14893617021276595
2024-06-17 23:00:00,Black Carbon,BCCINQAV,BC,CINQAV,ug/m3,0.54,0.8703703703703702,0.12962962962962962
2024-06-18 00:00:00,Black Carbon,BCCINQAV,BC,CINQAV,ug/m3,0.5499999999999999,0.8545454545454546,0.14545454545454548
2024-06-18 01:00:00,Black Carbon,BCCINQAV,BC,CINQAV,ug/m3,0.39999999999999997,0.875,0.12500000000000003
2024-06-18 02:00:00,Black Carbon,BCCINQAV,BC,CINQAV,ug/m3,0.31,0.870967741935484,0.12903225806451613
2024-06-18 03:00:00,Black Carbon,BCCINQAV,BC,CINQAV,ug/m3,0.3,0.8666666666666667,0.13333333333333333
2024-06-18 04:00:00,Black Carbon,BCCINQAV,BC,CINQAV,ug/m3,0.35,0.8571428571428572,0.14285714285714288
2024-06-18 05:00:00,Black Carbon,BCCINQAV,BC,CINQAV,ug/m3,0.5599999999999999,0.8571428571428572,0.14285714285714288
2024-06-18 06:00:00,Black Carbon,BCCINQAV,BC,CINQAV,ug/m3,0.7,0.8714285714285714,0.1285714285714286
2024-06-18 07:00:00,Black Carbon,BCCINQAV,BC,CINQAV,ug/m3,0.73,0.8493150684931507,0.1506849315068493
2024-06-18 08:00:00,Black Carbon,BCCINQAV,BC,CINQAV,ug/m3,0.52,0.8653846153846154,0.13461538461538464
2024-06-18 09:00:00,Black Carbon,BCCINQAV,BC,CINQAV,ug/m3,0.65,0.8461538461538461,0.15384615384615385
2024-06-18 10:00:00,Black Carbon,BCCINQAV,BC,CINQAV,ug/m3,,,
2024-06-18 11:00:00,Black Carbon,BCCINQAV,BC,CINQAV,ug/m3,,,
2024-06-18 12:00:00,Black Carbon,BCCINQAV,BC,CINQAV,ug/m3,,,
2024-06-18 13:00:00,Black Carbon,BCCINQAV,BC,CINQAV,ug/m3,,,
2024-06-18 14:00:00,Black Carbon,BCCINQAV,BC,CINQAV,ug/m3,,,
2024-06-18 15:00:00,Black Carbon,BCCINQAV,BC,CINQAV,ug/m3,,,
2024-06-18 16:00:00,Black Carbon,BCCINQAV,BC,CINQAV,ug/m3,,,
2024-06-18 17:00:00,Black Carbon,BCCINQAV,BC,CINQAV,ug/m3,,,
2024-06-18 18:00:00,Black Carbon,BCCINQAV,BC,CINQAV,ug/m3,,,
2024-06-18 19:00:00,Black Carbon,BCCINQAV,BC,CINQAV,ug/m3,,,
2024-06-18 20:00:00,Black Carbon,BCCINQAV,BC,CINQAV,ug/m3,,,
2024-06-18 21:00:00,Black Carbon,BCCINQAV,BC,CINQAV,ug/m3,,,
2024-06-18 22:00:00,Black Carbon,BCCINQAV,BC,CINQAV,ug/m3,,,
2024-06-18 23:00:00,Black Carbon,BCCINQAV,BC,CINQAV,ug/m3,,,
2024-06-13 01:00:00,Black Carbon,BCMOBILE_12,BC,MOBILE_12,ug/m3,0.45,0.888888888888889,0.11111111111111112
2024-06-13 02:00:00,Black Carbon,BCMOBILE_12,BC,MOBILE_12,ug/m3,0.48,0.875,0.125
2024-06-13 03:00:00,Black Carbon,BCMOBILE_12,BC,MOBILE_12,ug/m3,0.5800000000000001,0.8793103448275861,0.12068965517241378
2024-06-13 04:00:00,Black Carbon,BCMOBILE_12,BC,MOBILE_12,ug/m3,1.25,0.9119999999999999,0.088
2024-06-13 05:00:00,Black Carbon,BCMOBILE_12,BC,MOBILE_12,ug/m3,3.66,0.9316939890710383,0.06830601092896174
2024-06-13 06:00:00,Black Carbon,BCMOBILE_12,BC,MOBILE_12,ug/m3,3.8,0.9394736842105263,0.06052631578947369
2024-06-13 07:00:00,Black Carbon,BCMOBILE_12,BC,MOBILE_12,ug/m3,3.94,0.9416243654822335,0.0583756345177665
2024-06-13 08:00:00,Black Carbon,BCMOBILE_12,BC,MOBILE_12,ug/m3,3.6399999999999997,0.9120879120879122,0.08791208791208792
2024-06-13 09:00:00,Black Carbon,BCMOBILE_12,BC,MOBILE_12,ug/m3,3.4000000000000004,0.9235294117647058,0.07647058823529411
2024-06-13 10:00:00,Black Carbon,BCMOBILE_12,BC,MOBILE_12,ug/m3,3.82,0.9554973821989529,0.044502617801047126
2024-06-13 11:00:00,Black Carbon,BCMOBILE_12,BC,MOBILE_12,ug/m3,,,
2024-06-13 12:00:00,Black Carbon,BCMOBILE_12,BC,MOBILE_12,ug/m3,,,
2024-06-13 13:00:00,Black Carbon,BCMOBILE_12,BC,MOBILE_12,ug/m3,,,
2024-06-13 14:00:00,Black Carbon,BCMOBILE_12,BC,MOBILE_12,ug/m3,,,
2024-06-13 15:00:00,Black Carbon,BCMOBILE_12,BC,MOBILE_12,ug/m3,,,
2024-06-13 16:00:00,Black Carbon,BCMOBILE_12,BC,MOBILE_12,ug/m3,,,
2024-06-13 17:00:00,Black Carbon,BCMOBILE_12,BC,MOBILE_12,ug/m3,,,
2024-06-13 18:00:00,Black Carbon,BCMOBILE_12,BC,MOBILE_12,ug/m3,,,
2024-06-13 19:00:00,Black Carbon,BCMOBILE_12,BC,MOBILE_12,ug/m3,,,
2024-06-13 20:00:00,Black Carbon,BCMOBILE_12,BC,MOBILE_12,ug/m3,,,
2024-06-13 21:00:00,Black Carbon,BCMOBILE_12,BC,MOBILE_12,ug/m3,,,
2024-06-13 22:00:00,Black Carbon,BCMOBILE_12,BC,MOBILE_12,ug/m3,,,
2024-06-13 23:00:00,Black Carbon,BCMOBILE_12,BC,MOBILE_12,ug/m3,,,
2024-06-14 00:00:00,Black Carbon,BCMOBILE_12,BC,MOBILE_12,ug/m3,,,
2024-06-14 01:00:00,Black Carbon,BCMOBILE_12,BC,MOBILE_12,ug/m3,,,
2024-06-14 02:00:00,Black Carbon,BCMOBILE_12,BC,MOBILE_12,ug/m3,,,
2024-06-14 03:00:00,Black Carbon,BCMOBILE_12,BC,MOBILE_12,ug/m3,,,
2024-06-14 04:00:00,Black Carbon,BCMOBILE_12,BC,MOBILE_12,ug/m3,,,
2024-06-14 05:00:00,Black Carbon,BCMOBILE_12,BC,MOBILE_12,ug/m3,,,
2024-06-14 06:00:00,Black Carbon,BCMOBILE_12,BC,MOBILE_12,ug/m3,,,
2024-06-14 07:00:00,Black Carbon,BCMOBILE_12,BC,MOBILE_12,ug/m3,,,
2024-06-14 08:00:00,Black Carbon,BCMOBILE_12,BC,MOBILE_12,ug/m3,,,
2024-06-14 09:00:00,Black Carbon,BCMOBILE_12,BC,MOBILE_12,ug/m3,,,
2024-06-14 10:00:00,Black Carbon,BCMOBILE_12,BC,MOBILE_12,ug/m3,,,
2024-06-14 11:00:00,Black Carbon,BCMOBILE_12,BC,MOBILE_12,ug/m3,,,
2024-06-14 12:00:00,Black Carbon,BCMOBILE_12,BC,MOBILE_12,ug/m3,,,
2024-06-14 13:00:00,Black Carbon,BCMOBILE_12,BC,MOBILE_12,ug/m3,,,
2024-06-14 14:00:00,Black Carbon,BCMOBILE_12,BC,MOBILE_12,ug/m3,,,
2024-06-14 15:00:00,Black Carbon,BCMOBILE_12,BC,MOBILE_12,ug/m3,,,
2024-06-14 16:00:00,Black Carbon,BCMOBILE_12,BC,MOBILE_12,ug/m3,,,
2024-06-14 17:00:00,Black Carbon,BCMOBILE_12,BC,MOBILE_12,ug/m3,,,
2024-06-14 18:00:00,Black Carbon,BCMOBILE_12,BC,MOBILE_12,ug/m3,,,
2024-06-14 19:00:00,Black Carbon,BCMOBILE_12,BC,MOBILE_12,ug/m3,,,
2024-06-14 20:00:00,Black Carbon,BCMOBILE_12,BC,MOBILE_12,ug/m3,,,
2024-06-14 21:00:00,Black Carbon,BCMOBILE_12,BC,MOBILE_12,ug/m3,,,
2024-06-14 22:00:00,Black Carbon,BCMOBILE_12,BC,MOBILE_12,ug/m3,,,
2024-06-14 23:00:00,Black Carbon,BCMOBILE_12,BC,MOBILE_12,ug/m3,,,
2024-06-15 00:00:00,Black Carbon,BCMOBILE_12,BC,MOBILE_12,ug/m3,,,
2024-06-15 01:00:00,Black Carbon,BCMOBILE_12,BC,MOBILE_12,ug/m3,,,
2024-06-15 02:00:00,Black Carbon,BCMOBILE_12,BC,MOBILE_12,ug/m3,,,
2024-06-15 03:00:00,Black Carbon,BCMOBILE_12,BC,MOBILE_12,ug/m3,,,
2024-06-15 04:00:00,Black Carbon,BCMOBILE_12,BC,MOBILE_12,ug/m3,,,
2024-06-15 05:00:00,Black Carbon,BCMOBILE_12,BC,MOBILE_12,ug/m3,,,
2024-06-15 06:00:00,Black Carbon,BCMOBILE_12,BC,MOBILE_12,ug/m3,,,
2024-06-15 07:00:00,Black Carbon,BCMOBILE_12,BC,MOBILE_12,ug/m3,,,
2024-06-15 08:00:00,Black Carbon,BCMOBILE_12,BC,MOBILE_12,ug/m3,,,
2024-06-15 09:00:00,Black Carbon,BCMOBILE_12,BC,MOBILE_12,ug/m3,,,
2024-06-15 10:00:00,Black Carbon,BCMOBILE_12,BC,MOBILE_12,ug/m3,,,
2024-06-15 11:00:00,Black Carbon,BCMOBILE_12,BC,MOBILE_12,ug/m3,,,
2024-06-15 12:00:00,Black Carbon,BCMOBILE_12,BC,MOBILE_12,ug/m3,,,
2024-06-15 13:00:00,Black Carbon,BCMOBILE_12,BC,MOBILE_12,ug/m3,,,
2024-06-15 14:00:00,Black Carbon,BCMOBILE_12,BC,MOBILE_12,ug/m3,,,
2024-06-15 15:00:00,Black Carbon,BCMOBILE_12,BC,MOBILE_12,ug/m3,,,
2024-06-15 16:00:00,Black Carbon,BCMOBILE_12,BC,MOBILE_12,ug/m3,,,
2024-06-15 17:00:00,Black Carbon,BCMOBILE_12,BC,MOBILE_12,ug/m3,,,
2024-06-15 18:00:00,Black Carbon,BCMOBILE_12,BC,MOBILE_12,ug/m3,,,
2024-06-15 19:00:00,Black Carbon,BCMOBILE_12,BC,MOBILE_12,ug/m3,,,
2024-06-15 20:00:00,Black Carbon,BCMOBILE_12,BC,MOBILE_12,ug/m3,,,
2024-06-15 21:00:00,Black Carbon,BCMOBILE_12,BC,MOBILE_12,ug/m3,,,
2024-06-15 22:00:00,Black Carbon,BCMOBILE_12,BC,MOBILE_12,ug/m3,,,
2024-06-15 23:00:00,Black Carbon,BCMOBILE_12,BC,MOBILE_12,ug/m3,,,
2024-06-16 00:00:00,Black Carbon,BCMOBILE_12,BC,MOBILE_12,ug/m3,,,
2024-06-16 01:00:00,Black Carbon,BCMOBILE_12,BC,MOBILE_12,ug/m3,,,
2024-06-16 02:00:00,Black Carbon,BCMOBILE_12,BC,MOBILE_12,ug/m3,,,
2024-06-16 03:00:00,Black Carbon,BCMOBILE_12,BC,MOBILE_12,ug/m3,,,
2024-06-16 04:00:00,Black Carbon,BCMOBILE_12,BC,MOBILE_12,ug/m3,,,
2024-06-16 05:00:00,Black Carbon,BCMOBILE_12,BC,MOBILE_12,ug/m3,,,
2024-06-16 06:00:00,Black Carbon,BCMOBILE_12,BC,MOBILE_12,ug/m3,,,
2024-06-16 07:00:00,Black Carbon,BCMOBILE_12,BC,MOBILE_12,ug/m3,,,
2024-06-16 08:00:00,Black Carbon,BCMOBILE_12,BC,MOBILE_12,ug/m3,,,
2024-06-16 09:00:00,Black Carbon,BCMOBILE_12,BC,MOBILE_12,ug/m3,,,
2024-06-16 10:00:00,Black Carbon,BCMOBILE_12,BC,MOBILE_12,ug/m3,,,
2024-06-16 11:00:00,Black Carbon,BCMOBILE_12,BC,MOBILE_12,ug/m3,,,
2024-06-16 12:00:00,Black Carbon,BCMOBILE_12,BC,MOBILE_12,ug/m3,,,
2024-06-16 13:00:00,Black Carbon,BCMOBILE_12,BC,MOBILE_12,ug/m3,,,
2024-06-16 14:00:00,Black Carbon,BCMOBILE_12,BC,MOBILE_12,ug/m3,,,
2024-06-16 15:00:00,Black Carbon,BCMOBILE_12,BC,MOBILE_12,ug/m3,,,
2024-06-16 16:00:00,Black Carbon,BCMOBILE_12,BC,MOBILE_12,ug/m3,,,
2024-06-16 17:00:00,Black Carbon,BCMOBILE_12,BC,MOBILE_12,ug/m3,,,
2024-06-16 18:00:00,Black Carbon,BCMOBILE_12,BC,MOBILE_12,ug/m3,,,
2024-06-16 19:00:00,Black Carbon,BCMOBILE_12,BC,MOBILE_12,ug/m3,,,
2024-06-16 20:00:00,Black Carbon,BCMOBILE_12,BC,MOBILE_12,ug/m3,,,
2024-06-16 21:00:00,Black Carbon,BCMOBILE_12,BC,MOBILE_12,ug/m3,,,
2024-06-16 22:00:00,Black Carbon,BCMOBILE_12,BC,MOBILE_12,ug/m3,,,
2024-06-16 23:00:00,Black Carbon,BCMOBILE_12,BC,MOBILE_12,ug/m3,,,
2024-06-17 00:00:00,Black Carbon,BCMOBILE_12,BC,MOBILE_12,ug/m3,,,
2024-06-17 01:00:00,Black Carbon,BCMOBILE_12,BC,MOBILE_12,ug/m3,,,
2024-06-17 02:00:00,Black Carbon,BCMOBILE_12,BC,MOBILE_12,ug/m3,,,
2024-06-17 03:00:00,Black Carbon,BCMOBILE_12,BC,MOBILE_12,ug/m3,,,
2024-06-17 04:00:00,Black Carbon,BCMOBILE_12,BC,MOBILE_12,ug/m3,,,
2024-06-17 05:00:00,Black Carbon,BCMOBILE_12,BC,MOBILE_12,ug/m3,,,
2024-06-17 06:00:00,Black Carbon,BCMOBILE_12,BC,MOBILE_12,ug/m3,,,
2024-06-17 07:00:00,Black Carbon,BCMOBILE_12,BC,MOBILE_12,ug/m3,,,
2024-06-17 08:00:00,Black Carbon,BCMOBILE_12,BC,MOBILE_12,ug/m3,,,
2024-06-17 09:00:00,Black Carbon,BCMOBILE_12,BC,MOBILE_12,ug/m3,,,
2024-06-17 10:00:00,Black Carbon,BCMOBILE_12,BC,MOBILE_12,ug/m3,,,
2024-06-17 11:00:00,Black Carbon,BCMOBILE_12,BC,MOBILE_12,ug/m3,,,
2024-06-17 12:00:00,Black Carbon,BCMOBILE_12,BC,MOBILE_12,ug/m3,,,
2024-06-17 13:00:00,Black Carbon,BCMOBILE_12,BC,MOBILE_12,ug/m3,,,
2024-06-17 14:00:00,Black Carbon,BCMOBILE_12,BC,MOBILE_12,ug/m3,,,
2024-06-17 15:00:00,Black Carbon,BCMOBILE_12,BC,MOBILE_12,ug/m3,,,
2024-06-17 16:00:00,Black Carbon,BCMOBILE_12,BC,MOBILE_12,ug/m3,,,
2024-06-17 17:00:00,Black Carbon,BCMOBILE_12,BC,MOBILE_12,ug/m3,,,
2024-06-17 18:00:00,Black Carbon,BCMOBILE_12,BC,MOBILE_12,ug/m3,,,
2024-06-17 19:00:00,Black Carbon,BCMOBILE_12,BC,MOBILE_12,ug/m3,,,
2024-06-17 20:00:00,Black Carbon,BCMOBILE_12,BC,MOBILE_12,ug/m3,,,
2024-06-17 21:00:00,Black Carbon,BCMOBILE_12,BC,MOBILE_12,ug/m3,,,
2024-06-17 22:00:00,Black Carbon,BCMOBILE_12,BC,MOBILE_12,ug/m3,,,
2024-06-17 23:00:00,Black Carbon,BCMOBILE_12,BC,MOBILE_12,ug/m3,,,
2024-06-18 00:00:00,Black Carbon,BCMOBILE_12,BC,MOBILE_12,ug/m3,,,
2024-06-18 01:00:00,Black Carbon,BCMOBILE_12,BC,MOBILE_12,ug/m3,,,
2024-06-18 02:00:00,Black Carbon,BCMOBILE_12,BC,MOBILE_12,ug/m3,,,
2024-06-18 03:00:00,Black Carbon,BCMOBILE_12,BC,MOBILE_12,ug/m3,,,
2024-06-18 04:00:00,Black Carbon,BCMOBILE_12,BC,MOBILE_12,ug/m3,,,
2024-06-18 05:00:00,Black Carbon,BCMOBILE_12,BC,MOBILE_12,ug/m3,,,
2024-06-18 06:00:00,Black Carbon,BCMOBILE_12,BC,MOBILE_12,ug/m3,,,
2024-06-18 07:00:00,Black Carbon,BCMOBILE_12,BC,MOBILE_12,ug/m3,,,
2024-06-18 08:00:00,Black Carbon,BCMOBILE_12,BC,MOBILE_12,ug/m3,,,
2024-06-18 09:00:00,Black Carbon,BCMOBILE_12,BC,MOBILE_12,ug/m3,,,
2024-06-18 10:00:00,Black Carbon,BCMOBILE_12,BC,MOBILE_12,ug/m3,,,
2024-06-18 11:00:00,Black Carbon,BCMOBILE_12,BC,MOBILE_12,ug/m3,,,
2024-06-18 12:00:00,Black Carbon,BCMOBILE_12,BC,MOBILE_12,ug/m3,,,
2024-06-18 13:00:00,Black Carbon,BCMOBILE_12,BC,MOBILE_12,ug/m3,,,
2024-06-18 14:00:00,Black Carbon,BCMOBILE_12,BC,MOBILE_12,ug/m3,,,
2024-06-18 15:00:00,Black Carbon,BCMOBILE_12,BC,MOBILE_12,ug/m3,,,
2024-06-18 16:00:00,Black Carbon,BCMOBILE_12,BC,MOBILE_12,ug/m3,,,
2024-06-18 17:00:00,Black Carbon,BCMOBILE_12,BC,MOBILE_12,ug/m3,,,
2024-06-18 18:00:00,Black Carbon,BCMOBILE_12,BC,MOBILE_12,ug/m3,,,
2024-06-18 19:00:00,Black Carbon,BCMOBILE_12,BC,MOBILE_12,ug/m3,,,
2024-06-18 20:00:00,Black Carbon,BCMOBILE_12,BC,MOBILE_12,ug/m3,,,
2024-06-18 21:00:00,Black Carbon,BCMOBILE_12,BC,MOBILE_12,ug/m3,,,
2024-06-18 22:00:00,Black Carbon,BCMOBILE_12,BC,MOBILE_12,ug/m3,,,
2024-06-18 23:00:00,Black Carbon,BCMOBILE_12,BC,MOBILE_12,ug/m3,,,
2024-06-13 01:00:00,Black Carbon,BCRABATA,BC,RABATA,ug/m3,,,
2024-06-13 02:00:00,Black Carbon,BCRABATA,BC,RABATA,ug/m3,,,
2024-06-13 03:00:00,Black Carbon,BCRABATA,BC,RABATA,ug/m3,,,
2024-06-13 04:00:00,Black Carbon,BCRABATA,BC,RABATA,ug/m3,,,
2024-06-13 05:00:00,Black Carbon,BCRABATA,BC,RABATA,ug/m3,,,
2024-06-13 06:00:00,Black Carbon,BCRABATA,BC,RABATA,ug/m3,,,
2024-06-13 07:00:00,Black Carbon,BCRABATA,BC,RABATA,ug/m3,,,
2024-06-13 08:00:00,Black Carbon,BCRABATA,BC,RABATA,ug/m3,,,
2024-06-13 09:00:00,Black Carbon,BCRABATA,BC,RABATA,ug/m3,,,
2024-06-13 10:00:00,Black Carbon,BCRABATA,BC,RABATA,ug/m3,,,
2024-06-13 11:00:00,Black Carbon,BCRABATA,BC,RABATA,ug/m3,,,
2024-06-13 12:00:00,Black Carbon,BCRABATA,BC,RABATA,ug/m3,0.32,0.8750000000000001,0.125
2024-06-13 13:00:00,Black Carbon,BCRABATA,BC,RABATA,ug/m3,0.31,0.8064516129032259,0.1935483870967742
2024-06-13 14:00:00,Black Carbon,BCRABATA,BC,RABATA,ug/m3,0.42000000000000004,0.8095238095238095,0.19047619047619047
2024-06-13 15:00:00,Black Carbon,BCRABATA,BC,RABATA,ug/m3,0.45999999999999996,0.782608695652174,0.2173913043478261
2024-06-13 16:00:00,Black Carbon,BCRABATA,BC,RABATA,ug/m3,0.5,0.82,0.18
2024-06-13 17:00:00,Black Carbon,BCRABATA,BC,RABATA,ug/m3,0.61,0.8360655737704918,0.1639344262295082
2024-06-13 18:00:00,Black Carbon,BCRABATA,BC,RABATA,ug/m3,0.6900000000000001,0.7971014492753623,0.2028985507246377
2024-06-13 19:00:00,Black Carbon,BCRABATA,BC,RABATA,ug/m3,0.88,0.8295454545454545,0.17045454545454544
2024-06-13 20:00:00,Black Carbon,BCRABATA,BC,RABATA,ug/m3,1.52,0.8947368421052632,0.10526315789473684
2024-06-13 21:00:00,Black Carbon,BCRABATA,BC,RABATA,ug/m3,1.21,0.8842975206611571,0.11570247933884299
2024-06-13 22:00:00,Black Carbon,BCRABATA,BC,RABATA,ug/m3,1.17,0.8717948717948719,0.12820512820512822
2024-06-13 23:00:00,Black Carbon,BCRABATA,BC,RABATA,ug/m3,2.2399999999999998,0.9241071428571429,0.07589285714285715
2024-06-14 00:00:00,Black Carbon,BCRABATA,BC,RABATA,ug/m3,1.19,0.8991596638655464,0.10084033613445378
2024-06-14 01:00:00,Black Carbon,BCRABATA,BC,RABATA,ug/m3,1.24,0.8467741935483871,0.1532258064516129
2024-06-14 02:00:00,Black Carbon,BCRABATA,BC,RABATA,ug/m3,1.0,0.83,0.17
2024-06-14 03:00:00,Black Carbon,BCRABATA,BC,RABATA,ug/m3,0.73,0.8356164383561644,0.1643835616438356
2024-06-14 04:00:00,Black Carbon,BCRABATA,BC,RABATA,ug/m3,0.9400000000000001,0.851063829787234,0.14893617021276595
2024-06-14 05:00:00,Black Carbon,BCRABATA,BC,RABATA,ug/m3,2.58,0.8798449612403101,0.12015503875968991
2024-06-14 06:00:00,Black Carbon,BCRABATA,BC,RABATA,ug/m3,2.6,0.8884615384615384,0.11153846153846153
2024-06-14 07:00:00,Black Carbon,BCRABATA,BC,RABATA,ug/m3,1.3499999999999999,0.8814814814814815,0.11851851851851854
2024-06-14 08:00:00,Black Carbon,BCRABATA,BC,RABATA,ug/m3,0.7999999999999999,0.875,0.12500000000000003
2024-06-14 09:00:00,Black Carbon,BCRABATA,BC,RABATA,ug/m3,0.98,0.8979591836734694,0.10204081632653061
2024-06-14 10:00:00,Black Carbon,BCRABATA,BC,RABATA,ug/m3,1.08,0.9259259259259258,0.07407407407407407
2024-06-14 11:00:00,Black Carbon,BCRABATA,BC,RABATA,ug/m3,0.85,0.8941176470588236,0.10588235294117647
2024-06-14 12:00:00,Black Carbon,BCRABATA,BC,RABATA,ug/m3,0.8500000000000001,0.9294117647058823,0.07058823529411763
2024-06-14 13:00:00,Black Carbon,BCRABATA,BC,RABATA,ug/m3,0.73,0.8904109589041096,0.10958904109589042
2024-06-14 14:00:00,Black Carbon,BCRABATA,BC,RABATA,ug/m3,0.86,0.8953488372093024,0.10465116279069767
2024-06-14 15:00:00,Black Carbon,BCRABATA,BC,RABATA,ug/m3,0.9099999999999999,0.9010989010989011,0.09890109890109891
2024-06-14 16:00:00,Black Carbon,BCRABATA,BC,RABATA,ug/m3,0.6200000000000001,0.8870967741935483,0.11290322580645161
2024-06-14 17:00:00,Black Carbon,BCRABATA,BC,RABATA,ug/m3,0.6300000000000001,0.8888888888888888,0.1111111111111111
2024-06-14 18:00:00,Black Carbon,BCRABATA,BC,RABATA,ug/m3,0.71,0.8873239436619719,0.11267605633802817
2024-06-14 19:00:00,Black Carbon,BCRABATA,BC,RABATA,ug/m3,0.77,0.8831168831168832,0.11688311688311688
2024-06-14 20:00:00,Black Carbon,BCRABATA,BC,RABATA,ug/m3,0.63,0.8730158730158731,0.12698412698412698
2024-06-14 21:00:00,Black Carbon,BCRABATA,BC,RABATA,ug/m3,0.5499999999999999,0.8545454545454546,0.14545454545454548
2024-06-14 22:00:00,Black Carbon,BCRABATA,BC,RABATA,ug/m3,0.7999999999999999,0.9,0.1
2024-06-14 23:00:00,Black Carbon,BCRABATA,BC,RABATA,ug/m3,0.53,0.8490566037735849,0.1509433962264151
2024-06-15 00:00:00,Black Carbon,BCRABATA,BC,RABATA,ug/m3,0.34,0.823529411764706,0.1764705882352941
2024-06-15 01:00:00,Black Carbon,BCRABATA,BC,RABATA,ug/m3,0.53,0.8490566037735849,0.1509433962264151
2024-06-15 02:00:00,Black Carbon,BCRABATA,BC,RABATA,ug/m3,0.43,0.7441860465116279,0.2558139534883721
2024-06-15 03:00:00,Black Carbon,BCRABATA,BC,RABATA,ug/m3,0.32999999999999996,0.7272727272727273,0.27272727272727276
2024-06-15 04:00:00,Black Carbon,BCRABATA,BC,RABATA,ug/m3,0.26,0.7692307692307693,0.23076923076923075
2024-06-15 05:00:00,Black Carbon,BCRABATA,BC,RABATA,ug/m3,0.59,0.8305084745762712,0.16949152542372883
2024-06-15 06:00:00,Black Carbon,BCRABATA,BC,RABATA,ug/m3,0.54,0.8148148148148148,0.18518518518518517
2024-06-15 07:00:00,Black Carbon,BCRABATA,BC,RABATA,ug/m3,0.65,0.8307692307692308,0.1692307692307692
2024-06-15 08:00:00,Black Carbon,BCRABATA,BC,RABATA,ug/m3,0.62,0.8387096774193549,0.16129032258064518
2024-06-15 09:00:00,Black Carbon,BCRABATA,BC,RABATA,ug/m3,0.57,0.8245614035087719,0.1754385964912281
2024-06-15 10:00:00,Black Carbon,BCRABATA,BC,RABATA,ug/m3,0.71,0.8169014084507042,0.18309859154929578
2024-06-15 11:00:00,Black Carbon,BCRABATA,BC,RABATA,ug/m3,0.9099999999999999,0.8021978021978022,0.19780219780219782
2024-06-15 12:00:00,Black Carbon,BCRABATA,BC,RABATA,ug/m3,0.43999999999999995,0.7954545454545455,0.20454545454545456
2024-06-15 13:00:00,Black Carbon,BCRABATA,BC,RABATA,ug/m3,0.52,0.8461538461538461,0.15384615384615385
2024-06-15 14:00:00,Black Carbon,BCRABATA,BC,RABATA,ug/m3,0.28,0.7857142857142857,0.21428571428571425
2024-06-15 15:00:00,Black Carbon,BCRABATA,BC,RABATA,ug/m3,0.65,0.8615384615384616,0.13846153846153844
2024-06-15 16:00:00,Black Carbon,BCRABATA,BC,RABATA,ug/m3,1.1,0.8090909090909091,0.1909090909090909
2024-06-15 17:00:00,Black Carbon,BCRABATA,BC,RABATA,ug/m3,1.01,0.7722772277227723,0.22772277227722773
2024-06-15 18:00:00,Black Carbon,BCRABATA,BC,RABATA,ug/m3,0.7200000000000001,0.7777777777777778,0.2222222222222222
2024-06-15 19:00:00,Black Carbon,BCRABATA,BC,RABATA,ug/m3,0.7200000000000001,0.7777777777777778,0.2222222222222222
2024-06-15 20:00:00,Black Carbon,BCRABATA,BC,RABATA,ug/m3,0.6900000000000001,0.7971014492753623,0.2028985507246377
2024-06-15 21:00:00,Black Carbon,BCRABATA,BC,RABATA,ug/m3,0.6599999999999999,0.7272727272727273,0.27272727272727276
2024-06-15 22:00:00,Black Carbon,BCRABATA,BC,RABATA,ug/m3,1.12,0.7678571428571428,0.23214285714285712
2024-06-15 23:00:00,Black Carbon,BCRABATA,BC,RABATA,ug/m3,0.9,0.8111111111111111,0.18888888888888888
2024-06-16 00:00:00,Black Carbon,BCRABATA,BC,RABATA,ug/m3,0.42,0.7380952380952381,0.2619047619047619
2024-06-16 01:00:00,Black Carbon,BCRABATA,BC,RABATA,ug/m3,0.6900000000000001,0.7971014492753623,0.2028985507246377
2024-06-16 02:00:00,Black Carbon,BCRABATA,BC,RABATA,ug/m3,0.72,0.8333333333333334,0.16666666666666666
2024-06-16 03:00:00,Black Carbon,BCRABATA,BC,RABATA,ug/m3,0.43000000000000005,0.7906976744186046,0.2093023255813953
2024-06-16 04:00:00,Black Carbon,BCRABATA,BC,RABATA,ug/m3,0.27,0.7777777777777777,0.2222222222222222
2024-06-16 05:00:00,Black Carbon,BCRABATA,BC,RABATA,ug/m3,0.31,0.7741935483870968,0.22580645161290325
2024-06-16 06:00:00,Black Carbon,BCRABATA,BC,RABATA,ug/m3,0.57,0.8421052631578948,0.15789473684210528
2024-06-16 07:00:00,Black Carbon,BCRABATA,BC,RABATA,ug/m3,0.42000000000000004,0.7619047619047619,0.23809523809523808
2024-06-16 08:00:00,Black Carbon,BCRABATA,BC,RABATA,ug/m3,0.52,0.7692307692307693,0.23076923076923075
2024-06-16 09:00:00,Black Carbon,BCRABATA,BC,RABATA,ug/m3,0.65,0.7846153846153846,0.2153846153846154
2024-06-16 10:00:00,Black Carbon,BCRABATA,BC,RABATA,ug/m3,0.27,0.7407407407407407,0.25925925925925924
2024-06-16 11:00:00,Black Carbon,BCRABATA,BC,RABATA,ug/m3,0.49,0.8163265306122449,0.1836734693877551
2024-06-16 12:00:00,Black Carbon,BCRABATA,BC,RABATA,ug/m3,0.59,0.8135593220338984,0.1864406779661017
2024-06-16 13:00:00,Black Carbon,BCRABATA,BC,RABATA,ug/m3,1.27,0.8897637795275589,0.11023622047244096
2024-06-16 14:00:00,Black Carbon,BCRABATA,BC,RABATA,ug/m3,0.94,0.8723404255319149,0.1276595744680851
2024-06-16 15:00:00,Black Carbon,BCRABATA,BC,RABATA,ug/m3,0.53,0.7735849056603773,0.22641509433962262
2024-06-16 16:00:00,Black Carbon,BCRABATA,BC,RABATA,ug/m3,0.28,0.5714285714285714,0.4285714285714285
2024-06-16 17:00:00,Black Carbon,BCRABATA,BC,RABATA,ug/m3,0.6699999999999999,0.8805970149253732,0.11940298507462688
2024-06-16 18:00:00,Black Carbon,BCRABATA,BC,RABATA,ug/m3,1.1099999999999999,0.891891891891892,0.10810810810810811
2024-06-16 19:00:00,Black Carbon,BCRABATA,BC,RABATA,ug/m3,1.3399999999999999,0.8955223880597015,0.10447761194029853
2024-06-16 20:00:00,Black Carbon,BCRABATA,BC,RABATA,ug/m3,2.2600000000000002,0.9203539823008849,0.07964601769911503
2024-06-16 21:00:00,Black Carbon,BCRABATA,BC,RABATA,ug/m3,3.8800000000000003,0.9484536082474226,0.05154639175257732
2024-06-16 22:00:00,Black Carbon,BCRABATA,BC,RABATA,ug/m3,2.0,0.905,0.095
2024-06-16 23:00:00,Black Carbon,BCRABATA,BC,RABATA,ug/m3,2.4699999999999998,0.8947368421052633,0.10526315789473685
2024-06-17 00:00:00,Black Carbon,BCRABATA,BC,RABATA,ug/m3,1.91,0.9057591623036649,0.09424083769633508
2024-06-17 01:00:00,Black Carbon,BCRABATA,BC,RABATA,ug/m3,0.9099999999999999,0.8021978021978022,0.19780219780219782
2024-06-17 02:00:00,Black Carbon,BCRABATA,BC,RABATA,ug/m3,0.66,0.8181818181818182,0.1818181818181818
2024-06-17 03:00:00,Black Carbon,BCRABATA,BC,RABATA,ug/m3,0.73,0.8356164383561644,0.1643835616438356
2024-06-17 04:00:00,Black Carbon,BCRABATA,BC,RABATA,ug/m3,1.2899999999999998,0.8837209302325582,0.11627906976744187
2024-06-17 05:00:00,Black Carbon,BCRABATA,BC,RABATA,ug/m3,2.62,0.8969465648854962,0.10305343511450382
2024-06-17 06:00:00,Black Carbon,BCRABATA,BC,RABATA,ug/m3,4.02,0.9228855721393036,0.07711442786069653
2024-06-17 07:00:00,Black Carbon,BCRABATA,BC,RABATA,ug/m3,4.01,0.9027431421446385,0.0972568578553616
2024-06-17 08:00:00,Black Carbon,BCRABATA,BC,RABATA,ug/m3,2.3,0.9,0.1
2024-06-17 09:00:00,Black Carbon,BCRABATA,BC,RABATA,ug/m3,0.81,0.9135802469135802,0.08641975308641976
2024-06-17 10:00:00,Black Carbon,BCRABATA,BC,RABATA,ug/m3,0.87,0.896551724137931,0.10344827586206896
2024-06-17 11:00:00,Black Carbon,BCRABATA,BC,RABATA,ug/m3,1.04,0.875,0.125
2024-06-17 12:00:00,Black Carbon,BCRABATA,BC,RABATA,ug/m3,0.61,0.8688524590163935,0.13114754098360656
2024-06-17 13:00:00,Black Carbon,BCRABATA,BC,RABATA,ug/m3,0.77,0.8831168831168832,0.11688311688311688
2024-06-17 14:00:00,Black Carbon,BCRABATA,BC,RABATA,ug/m3,0.52,0.8461538461538461,0.15384615384615385
2024-06-17 15:00:00,Black Carbon,BCRABATA,BC,RABATA,ug/m3,0.43,0.8372093023255813,0.16279069767441862
2024-06-17 16:00:00,Black Carbon,BCRABATA,BC,RABATA,ug/m3,0.8099999999999999,0.888888888888889,0.11111111111111112
2024-06-17 17:00:00,Black Carbon,BCRABATA,BC,RABATA,ug/m3,0.6000000000000001,0.8833333333333332,0.11666666666666665
2024-06-17 18:00:00,Black Carbon,BCRABATA,BC,RABATA,ug/m3,0.7899999999999999,0.8987341772151899,0.10126582278481014
2024-06-17 19:00:00,Black Carbon,BCRABATA,BC,RABATA,ug/m3,0.78,0.858974358974359,0.14102564102564102
2024-06-17 20:00:00,Black Carbon,BCRABATA,BC,RABATA,ug/m3,0.8400000000000001,0.9166666666666666,0.08333333333333333
2024-06-17 21:00:00,Black Carbon,BCRABATA,BC,RABATA,ug/m3,1.0899999999999999,0.8807339449541285,0.11926605504587158
2024-06-17 22:00:00,Black Carbon,BCRABATA,BC,RABATA,ug/m3,1.99,0.8944723618090452,0.10552763819095477
2024-06-17 23:00:00,Black Carbon,BCRABATA,BC,RABATA,ug/m3,1.66,0.9036144578313253,0.0963855421686747
2024-06-18 00:00:00,Black Carbon,BCRABATA,BC,RABATA,ug/m3,1.0,0.84,0.16
2024-06-18 01:00:00,Black Carbon,BCRABATA,BC,RABATA,ug/m3,0.62,0.8387096774193549,0.16129032258064518
2024-06-18 02:00:00,Black Carbon,BCRABATA,BC,RABATA,ug/m3,0.44,0.8181818181818181,0.18181818181818182
2024-06-18 03:00:00,Black Carbon,BCRABATA,BC,RABATA,ug/m3,0.7,0.8714285714285714,0.1285714285714286
2024-06-18 04:00:00,Black Carbon,BCRABATA,BC,RABATA,ug/m3,1.17,0.888888888888889,0.11111111111111112
2024-06-18 05:00:00,Black Carbon,BCRABATA,BC,RABATA,ug/m3,3.14,0.9426751592356687,0.057324840764331204
2024-06-18 06:00:00,Black Carbon,BCRABATA,BC,RABATA,ug/m3,2.75,0.88,0.12000000000000001
2024-06-18 07:00:00,Black Carbon,BCRABATA,BC,RABATA,ug/m3,2.07,0.9082125603864735,0.09178743961352658
2024-06-18 08:00:00,Black Carbon,BCRABATA,BC,RABATA,ug/m3,2.79,0.924731182795699,0.07526881720430108
2024-06-18 09:00:00,Black Carbon,BCRABATA,BC,RABATA,ug/m3,1.78,0.9438202247191011,0.05617977528089888
2024-06-18 10:00:00,Black Carbon,BCRABATA,BC,RABATA,ug/m3,,,
2024-06-18 11:00:00,Black Carbon,BCRABATA,BC,RABATA,ug/m3,,,
2024-06-18 12:00:00,Black Carbon,BCRABATA,BC,RABATA,ug/m3,,,
2024-06-18 13:00:00,Black Carbon,BCRABATA,BC,RABATA,ug/m3,,,
2024-06-18 14:00:00,Black Carbon,BCRABATA,BC,RABATA,ug/m3,,,
2024-06-18 15:00:00,Black Carbon,BCRABATA,BC,RABATA,ug/m3,,,
2024-06-18 16:00:00,Black Carbon,BCRABATA,BC,RABATA,ug/m3,,,
2024-06-18 17:00:00,Black Carbon,BCRABATA,BC,RABATA,ug/m3,,,
2024-06-18 18:00:00,Black Carbon,BCRABATA,BC,RABATA,ug/m3,,,
2024-06-18 19:00:00,Black Carbon,BCRABATA,BC,RABATA,ug/m3,,,
2024-06-18 20:00:00,Black Carbon,BCRABATA,BC,RABATA,ug/m3,,,
2024-06-18 21:00:00,Black Carbon,BCRABATA,BC,RABATA,ug/m3,,,
2024-06-18 22:00:00,Black Carbon,BCRABATA,BC,RABATA,ug/m3,,,
2024-06-18 23:00:00,Black Carbon,BCRABATA,BC,RABATA,ug/m3,,,
