date,phy_name,id,id_phy,id_site,unit,value,Aluminium in PM1,Silicium in PM1,Souffre in PM1,Chlore in PM1,Potassium in PM1,Calcium in PM1,Titane in PM1,Vanadium in PM1,Chrome in PM,Manganese in PM1,Fer in PM1,Cobalt in PM1,Nickel in PM1,Cuivre in PM1,Zinc in PM1,Arsenic in PM1,Selenium in PM1,Brome in PM1,Cadmium in PM1,Antimoine in PM1,Mercure in PM1,Plomb in PM1,Bismuth in PM1
2024-06-13 01:00:00,Métaux Lourds,MLCINQAV,ML,CINQAV,μg/m3,0.5836999999999999,0.3570327222888471,0.0,0.5785506253212268,0.0,0.018502655473702247,0.0056535891725201315,0.0005139626520472846,0.0,0.00017132088401576156,0.0,0.007538118896693509,0.0,0.0003426417680315231,0.004968305636457085,0.004111701216378277,0.00017132088401576156,0.0,0.0020558506081891385,0.0030837759122837077,0.017303409285591917,0.0,0.0,0.0
2024-06-13 02:00:00,Métaux Lourds,MLCINQAV,ML,CINQAV,μg/m3,0.4720999999999999,0.0,0.0,0.8415589917390385,0.0,0.028595636517686936,0.10273247193391233,0.000211819529760644,0.0,0.0,0.0,0.012920991315399281,0.0,0.000211819529760644,0.002965473416649016,0.005719127303537387,0.000211819529760644,0.000211819529760644,0.0010590976488032199,0.0,0.0036009320059309474,0.0,0.0,0.0
2024-06-13 03:00:00,Métaux Lourds,MLCINQAV,ML,CINQAV,μg/m3,0.4049,0.007409236848604594,0.0,0.8972585823660164,0.0,0.041738700913805875,0.010619906149666585,0.0,0.0,0.0,0.0,0.017041244751790568,0.0,0.0004939491232403063,0.0012348728081007657,0.006421338602123981,0.00024697456162015317,0.0,0.0009878982464806127,0.0,0.016300321066930107,0.0,0.00024697456162015317,0.0
2024-06-13 04:00:00,Métaux Lourds,MLCINQAV,ML,CINQAV,μg/m3,0.40729999999999994,0.0,0.0,0.915295850724282,0.0,0.03780996808249448,0.01276700220967346,0.0,0.001227596366314756,0.0004910385465259024,0.0,0.017922906948195438,0.0,0.0017186349128406582,0.001227596366314756,0.007120058924625584,0.0,0.0,0.0017186349128406582,0.0014731156395777069,0.001227596366314756,0.0,0.0,0.0
2024-06-13 05:00:00,Métaux Lourds,MLCINQAV,ML,CINQAV,μg/m3,0.46710000000000007,0.0,0.0,0.8154570755726823,0.028259473346178544,0.03639477627916934,0.059944337400984794,0.0012845215157353883,0.0008563476771569256,0.0,0.0,0.03853564547206165,0.0,0.002140869192892314,0.001070434596446157,0.006422607578676942,0.0006422607578676941,0.0,0.0014986084350246199,0.0029972168700492397,0.0038535645472061652,0.0,0.0006422607578676941,0.0
2024-06-13 06:00:00,Métaux Lourds,MLCINQAV,ML,CINQAV,μg/m3,0.4493999999999999,0.0,0.0,0.8311081441922565,0.0,0.039608366711170455,0.053404539385847806,0.0004450378282153984,0.0,0.0,0.0,0.03805073431241657,0.0002225189141076992,0.0,0.001335113484646195,0.006675567423230976,0.001335113484646195,0.0,0.00267022696929239,0.012461059190031156,0.006675567423230976,0.0,0.006008010680907879,0.0
2024-06-13 07:00:00,Métaux Lourds,MLCINQAV,ML,CINQAV,μg/m3,0.5092,0.0,0.07443047918303221,0.7788688138256088,0.0,0.038295365278868815,0.05361351139041634,0.0005891594658287509,0.0,0.0,0.0,0.043008641005498824,0.0,0.00039277297721916735,0.0029457973291437552,0.0058915946582875104,0.0,0.0,0.0019638648860958365,0.0,0.0,0.0,0.0,0.0
2024-06-13 08:00:00,Métaux Lourds,MLCINQAV,ML,CINQAV,μg/m3,0.4638,0.0,0.0,0.8033635187580855,0.00905562742561449,0.037516170763260026,0.06295817162570073,0.001509271237602415,0.0,0.0006468305304010349,0.0,0.04764984907287624,0.0,0.00021561017680034498,0.003234152652005175,0.0068995256576110395,0.001078050884001725,0.0,0.00215610176800345,0.0,0.023717119448037945,0.0,0.0,0.0
2024-06-13 09:00:00,Métaux Lourds,MLCINQAV,ML,CINQAV,μg/m3,0.48219999999999996,0.0,0.0,0.7986312733305683,0.0,0.03359601824968893,0.05682289506428868,0.001659062629614268,0.0,0.0002073828287017835,0.0,0.0792202405640813,0.0,0.0002073828287017835,0.016175860638739114,0.009332227291580257,0.001244296972210701,0.0,0.002903359601824969,0.0,0.0,0.0,0.0,0.0
2024-06-13 10:00:00,Métaux Lourds,MLCINQAV,ML,CINQAV,μg/m3,0.5232999999999998,0.0,0.0,0.7607490922988729,0.017580737626600427,0.03821899484043571,0.1026180011465699,0.00133766481941525,0.0,0.0001910949742021786,0.0003821899484043572,0.061532581693101496,0.0,0.0003821899484043572,0.004777374355054464,0.008217083890693679,0.0003821899484043572,0.0,0.0028664246130326787,0.0007643798968087143,0.0,0.0,0.0,0.0
2024-06-13 11:00:00,Métaux Lourds,MLCINQAV,ML,CINQAV,μg/m3,0.4862999999999999,0.0,0.016656384947563236,0.7731852765782441,0.029405716635821515,0.0409212420316677,0.07012132428542053,0.0006169031462060458,0.00020563438206868193,0.00041126876413736385,0.00041126876413736385,0.050586057988895754,0.0,0.00041126876413736385,0.003084515731030229,0.00637466584412914,0.00041126876413736385,0.0,0.003084515731030229,0.002878881348961547,0.0012338062924120916,0.0,0.0,0.0
2024-06-13 12:00:00,Métaux Lourds,MLCINQAV,ML,CINQAV,μg/m3,0.4798,0.0,0.0,0.8017924135056274,0.04626927886619425,0.03751563151313047,0.05564818674447686,0.0008336807002917883,0.0,0.0,0.0,0.025218841183826595,0.0,0.0,0.0012505210504376823,0.004793664026677782,0.00020842017507294707,0.0,0.003959983326385994,0.0,0.022509378907878283,0.0,0.0,0.0
2024-06-13 13:00:00,Métaux Lourds,MLCINQAV,ML,CINQAV,μg/m3,0.6733000000000001,0.2465468587553839,0.00995098767265706,0.5836922619931679,0.020347541957522645,0.05881479281152532,0.049309371751076775,0.0010396554284865585,0.0002970444081390167,0.0,0.0,0.014555175998811822,0.0,0.0004455666122085251,0.0007426110203475418,0.004010099509876726,0.00014852220406950836,0.0,0.0031189662854596762,0.0,0.006980543591266894,0.0,0.0,0.0
2024-06-13 14:00:00,Métaux Lourds,MLCINQAV,ML,CINQAV,μg/m3,0.4876999999999999,0.0,0.0,0.8363748205864262,0.038753331966372775,0.04695509534549929,0.04326430182489236,0.00041008816895632573,0.0,0.0,0.0,0.014763174082427725,0.0,0.00020504408447816287,0.0008201763379126515,0.0051261021119540714,0.0,0.0,0.0053311461964322335,0.0008201763379126515,0.0071765429567356995,0.0,0.0,0.0
2024-06-13 15:00:00,Métaux Lourds,MLCINQAV,ML,CINQAV,μg/m3,0.497,0.0,0.0,0.8828973843058351,0.03601609657947686,0.02716297786720322,0.021327967806841045,0.0008048289738430584,0.002414486921529175,0.0,0.0,0.012474849094567404,0.0,0.001006036217303823,0.0002012072434607646,0.00482897384305835,0.0,0.0,0.005030181086519115,0.0,0.005633802816901409,0.0002012072434607646,0.0,0.0
2024-06-13 16:00:00,Métaux Lourds,MLCINQAV,ML,CINQAV,μg/m3,0.5252999999999999,0.0,0.0,0.8812107367218733,0.036169807728916814,0.03293356177422426,0.01732343422806016,0.0003807348181991244,0.0,0.0001903674090995622,0.0,0.008756900818579862,0.0,0.0007614696363982488,0.0003807348181991244,0.005330287454787742,0.0,0.0,0.004568817818389493,0.0,0.011993146773272418,0.0,0.0,0.0
2024-06-13 17:00:00,Métaux Lourds,MLCINQAV,ML,CINQAV,μg/m3,0.5579999999999998,0.0,0.0,0.9195340501792117,0.00806451612903226,0.03136200716845879,0.010752688172043015,0.0007168458781362009,0.0017921146953405024,0.0,0.0,0.00860215053763441,0.0,0.0014336917562724019,0.00035842293906810047,0.006093189964157707,0.00017921146953405023,0.0,0.004301075268817205,0.003225806451612904,0.003584229390681005,0.0,0.0,0.0
2024-06-13 18:00:00,Métaux Lourds,MLCINQAV,ML,CINQAV,μg/m3,0.5628,0.0,0.0,0.9287491115849327,0.0,0.031272210376687995,0.002842928216062545,0.00017768301350390905,0.0012437810945273632,0.0,0.0,0.006218905472636816,0.0,0.0015991471215351812,0.0,0.0053304904051172716,0.00017768301350390905,0.0,0.004442075337597726,0.0023098791755508173,0.015636105188343997,0.0,0.0,0.0
2024-06-13 19:00:00,Métaux Lourds,MLCINQAV,ML,CINQAV,μg/m3,0.5255000000000001,0.0,0.0,0.947288296860133,0.0,0.03235014272121788,0.003425309229305423,0.0,0.0001902949571836346,0.0,0.0,0.005708848715509038,0.0,0.0007611798287345384,0.0013320647002854423,0.005137963843958135,0.0,0.0,0.003805899143672692,0.0,0.0,0.0,0.0,0.0
2024-06-13 20:00:00,Métaux Lourds,MLCINQAV,ML,CINQAV,μg/m3,0.5306,0.11157180550320393,0.0,0.825103656238221,0.0,0.02506596306068602,0.0020731247644176407,0.00037693177534866196,0.0009423294383716548,0.0,0.0,0.007538635506973239,0.00037693177534866196,0.0011307953260459858,0.00037693177534866196,0.005088578967206936,0.0,0.0,0.0030154542027892956,0.009234828496042218,0.00810403316999623,0.0,0.0,0.0
2024-06-13 21:00:00,Métaux Lourds,MLCINQAV,ML,CINQAV,μg/m3,0.48799999999999993,0.0,0.0,0.919877049180328,0.009221311475409836,0.03401639344262296,0.006352459016393443,0.00040983606557377055,0.00020491803278688527,0.0,0.0,0.009016393442622953,0.0,0.0010245901639344263,0.0010245901639344263,0.008606557377049183,0.00020491803278688527,0.0,0.003073770491803279,0.006967213114754099,0.0,0.0,0.0,0.0
2024-06-13 22:00:00,Métaux Lourds,MLCINQAV,ML,CINQAV,μg/m3,,,,,,,,,,,,,,,,,,,,,,,,
2024-06-13 23:00:00,Métaux Lourds,MLCINQAV,ML,CINQAV,μg/m3,0.7551000000000001,0.3424711958680969,0.0,0.5954178254535822,0.004105416501125678,0.01589193484306714,0.0034432525493312137,0.0,0.000794596742153357,0.0,0.0,0.0062243411468679635,0.00013243279035889284,0.0003972983710766785,0.0002648655807177857,0.003575685339690107,0.0,0.0,0.002251357436101178,0.011918951132300355,0.013110846245530392,0.0,0.0,0.0
2024-06-14 00:00:00,Métaux Lourds,MLCINQAV,ML,CINQAV,μg/m3,0.502,0.0,0.0,0.8711155378486056,0.0,0.022310756972111552,0.003386454183266932,0.000597609561752988,0.0,0.0,0.0,0.007569721115537849,0.0,0.00019920318725099602,0.001195219123505976,0.0061752988047808766,0.0,0.0,0.00398406374501992,0.0,0.08346613545816733,0.0,0.0,0.0
2024-06-14 01:00:00,Métaux Lourds,MLCINQAV,ML,CINQAV,μg/m3,0.4775000000000001,0.0,0.0,0.9482722513089005,0.0,0.02115183246073298,0.0069109947643979045,0.0,0.0008376963350785339,0.0,0.0,0.0075392670157068045,0.0,0.0012565445026178007,0.0008376963350785339,0.00544502617801047,0.00020942408376963348,0.0,0.002722513089005235,0.0,0.00481675392670157,0.0,0.0,0.0
2024-06-14 02:00:00,Métaux Lourds,MLCINQAV,ML,CINQAV,μg/m3,0.5113999999999997,0.0,0.0,0.9409464215877986,0.011145874071177167,0.018967540086038334,0.0037152913570590554,0.00019554165037152923,0.0011732499022291754,0.0,0.0,0.00508408290965976,0.0,0.0005866249511145877,0.00039108330074305846,0.004497457958545172,0.0,0.0,0.00254204145482988,0.0,0.010754790770434107,0.0,0.0,0.0
2024-06-14 03:00:00,Métaux Lourds,MLCINQAV,ML,CINQAV,μg/m3,0.5308999999999998,0.06197023921642496,0.0,0.8852891316632137,0.0,0.014880391787530615,0.0032021096251648156,0.0005650781691467321,0.0005650781691467321,0.0,0.0,0.006215859860614054,0.0,0.00037671877943115477,0.0007534375588623095,0.003955547184027125,0.0,0.00018835938971557739,0.002448672066302506,0.0,0.019589376530420047,0.0,0.0,0.0
2024-06-14 04:00:00,Métaux Lourds,MLCINQAV,ML,CINQAV,μg/m3,0.5727999999999999,0.0,0.0,0.9226606145251398,0.0,0.021648044692737435,0.00942737430167598,0.000698324022346369,0.00157122905027933,0.0,0.0,0.010824022346368718,0.0,0.0003491620111731845,0.0003491620111731845,0.004015363128491621,0.0,0.00017458100558659224,0.0029678770949720674,0.008030726256983242,0.01728351955307263,0.0,0.0,0.0
2024-06-14 05:00:00,Métaux Lourds,MLCINQAV,ML,CINQAV,μg/m3,0.6746,0.11799584939223243,0.0,0.808775570708568,0.015268307144974801,0.01689890305366143,0.007708271568336792,0.0,0.0008894159501927067,0.0,0.0,0.011414171360806405,0.0,0.00044470797509635335,0.0007411799584939224,0.006818855618144086,0.00044470797509635335,0.0,0.004002371775867181,0.0,0.008597687518529499,0.0,0.0,0.0
2024-06-14 06:00:00,Métaux Lourds,MLCINQAV,ML,CINQAV,μg/m3,0.6859999999999998,0.0,0.0,0.9271137026239069,0.004373177842565599,0.031486880466472314,0.003644314868804666,0.00014577259475218664,0.0017492711370262393,0.0,0.0,0.014868804664723035,0.0,0.0007288629737609331,0.0010204081632653064,0.005393586005830906,0.0004373177842565598,0.0,0.0029154518950437326,0.0,0.005102040816326532,0.0,0.0010204081632653064,0.0
2024-06-14 07:00:00,Métaux Lourds,MLCINQAV,ML,CINQAV,μg/m3,0.6961999999999998,0.0,0.0,0.941539787417409,0.0,0.02599827635736858,0.0054582016661878785,0.0,0.0015800057454754385,0.0,0.0,0.006176386095949442,0.0,0.000718184429761563,0.0004309106578569377,0.0034472852628555017,0.0001436368859523126,0.0001436368859523126,0.002154553289284689,0.0012927319735708132,0.010916403332375757,0.0,0.0,0.0
2024-06-14 08:00:00,Métaux Lourds,MLCINQAV,ML,CINQAV,μg/m3,0.7100999999999997,0.027038445289395866,0.0,0.9073369947894666,0.006196310378819887,0.031263202365863975,0.007322912265878048,0.00028165047176454034,0.001830728066469512,0.0,0.0,0.005069708491761725,0.0,0.0005633009435290807,0.0004224757076468104,0.002112378538234052,0.00014082523588227017,0.00014082523588227017,0.001971553302351782,0.0054921841994085355,0.0028165047176454032,0.0,0.0,0.0
2024-06-14 09:00:00,Métaux Lourds,MLCINQAV,ML,CINQAV,μg/m3,0.6982999999999999,0.0,0.0,0.9437204639839611,0.0,0.02148073893741945,0.010883574394959189,0.000572819704997852,0.0017184591149935558,0.0,0.0,0.005155377344980667,0.0,0.000572819704997852,0.00042961477874838895,0.0025776886724903337,0.0,0.0,0.0015752541887440932,0.005012172418731205,0.006301016754976373,0.0,0.0,0.0
2024-06-14 10:00:00,Métaux Lourds,MLCINQAV,ML,CINQAV,μg/m3,0.6963,0.0,0.0,0.9475800660634782,0.011776533103547319,0.017233950883239983,0.005313801522332328,0.0001436162573603332,0.00315955766192733,0.0,0.0,0.004164871463449662,0.0,0.0012925463162429987,0.0,0.002297860117765331,0.0,0.0,0.001579778830963665,0.0001436162573603332,0.005313801522332328,0.0,0.0,0.0
2024-06-14 11:00:00,Métaux Lourds,MLCINQAV,ML,CINQAV,μg/m3,0.6113,0.0,0.0,0.9442172419433995,0.0,0.016849337477506953,0.007524946834614756,0.0001635858007524947,0.0021266154097824307,0.0,0.0,0.004089645018812368,0.0,0.0013086864060199575,0.000490757402257484,0.0024537870112874205,0.0,0.0,0.001145100605267463,0.0,0.019630296090299364,0.0,0.0,0.0
2024-06-14 12:00:00,Métaux Lourds,MLCINQAV,ML,CINQAV,μg/m3,0.599,0.0,0.0,0.9397328881469115,0.013856427378964942,0.017863105175292153,0.009348914858096828,0.00033388981636060105,0.001001669449081803,0.0,0.0,0.006176961602671119,0.0,0.00033388981636060105,0.00033388981636060105,0.002003338898163606,0.0,0.00033388981636060105,0.0013355592654424042,0.0,0.007345575959933222,0.0,0.0,0.0
2024-06-14 13:00:00,Métaux Lourds,MLCINQAV,ML,CINQAV,μg/m3,0.6151999999999997,0.0,0.0,0.9400195058517558,0.012191157347204166,0.017880364109232775,0.006989596879063722,0.0003250975292587778,0.0014629388816644999,0.0,0.0,0.004876462938881667,0.0,0.0004876462938881666,0.0006501950585175556,0.0022756827048114442,0.0,0.0001625487646293889,0.001625487646293889,0.0,0.011053315994798443,0.0,0.0,0.0
2024-06-14 14:00:00,Métaux Lourds,MLCINQAV,ML,CINQAV,μg/m3,0.6195,0.0,0.0,0.9464083938660208,0.011460855528652137,0.01436642453591606,0.006133979015334947,0.00016142050040355123,0.0012913640032284099,0.0,0.0,0.004842615012106537,0.0,0.0006456820016142049,0.00016142050040355123,0.002744148506860371,0.0,0.0,0.0012913640032284099,0.0043583535108958835,0.006133979015334947,0.0,0.0,0.0
2024-06-14 15:00:00,Métaux Lourds,MLCINQAV,ML,CINQAV,μg/m3,0.6741999999999998,0.0,0.0,0.9311776920795017,0.014832393948383274,0.016612281222189267,0.023286858498961737,0.0,0.0002966478789676655,0.0,0.0,0.005043013942450313,0.0,0.000593295757935331,0.00044497181845149815,0.0025215069712251565,0.00014832393948383275,0.0002966478789676655,0.001186591515870662,0.0,0.003559774547611985,0.0,0.0,0.0
2024-06-14 16:00:00,Métaux Lourds,MLCINQAV,ML,CINQAV,μg/m3,0.6578999999999999,0.0,0.0,0.9284085727314183,0.01185590515275878,0.037391700866393075,0.010943912448700412,0.00015199878400972794,0.0003039975680194559,0.0,0.0,0.00516795865633075,0.0,0.0006079951360389118,0.0009119927040583675,0.002583979328165375,0.0,0.00015199878400972794,0.0006079951360389118,0.0,0.0009119927040583675,0.0,0.0,0.0
2024-06-14 17:00:00,Métaux Lourds,MLCINQAV,ML,CINQAV,μg/m3,0.6814999999999999,0.0,0.0,0.927219369038885,0.014966984592809979,0.026265590608950846,0.012032281731474689,0.0007336757153338226,0.00029347028613352903,0.0,0.0,0.008070432868672048,0.0,0.00014673514306676451,0.00014673514306676451,0.0038151137197358774,0.0,0.0,0.001760821716801174,0.0,0.0045487894350697,0.0,0.0,0.0
2024-06-14 18:00:00,Métaux Lourds,MLCINQAV,ML,CINQAV,μg/m3,0.6476,0.0,0.0,0.9403953057442866,0.012970969734403957,0.012507720815318098,0.0041692402717727,0.00015441630636195183,0.0009264978381717109,0.0,0.0,0.004478072884496603,0.0,0.00046324891908585547,0.00046324891908585547,0.002625077208153181,0.0,0.00030883261272390367,0.0007720815318097592,0.00030883261272390367,0.01945645460160593,0.0,0.0,0.0
2024-06-14 19:00:00,Métaux Lourds,MLCINQAV,ML,CINQAV,μg/m3,0.5489999999999998,0.0,0.0,0.9561020036429874,0.0,0.018943533697632065,0.013661202185792354,0.0001821493624772314,0.0007285974499089256,0.0,0.0,0.005100182149362479,0.0,0.0001821493624772314,0.0003642987249544628,0.0034608378870673966,0.0,0.0,0.0012750455373406197,0.0,0.0,0.0,0.0,0.0
2024-06-14 20:00:00,Métaux Lourds,MLCINQAV,ML,CINQAV,μg/m3,0.6602,0.0,0.0,0.9295667979400182,0.020751287488639802,0.016661617691608604,0.004392608300514995,0.0003029385034837928,0.0006058770069675856,0.0,0.0,0.006058770069675856,0.0,0.000757346258709482,0.0003029385034837928,0.0021205695243865495,0.0,0.0,0.0013632232656770676,0.003938200545289306,0.013177824901544986,0.0,0.0,0.0
2024-06-14 21:00:00,Métaux Lourds,MLCINQAV,ML,CINQAV,μg/m3,0.6164000000000001,0.0,0.0,0.9274821544451656,0.016547696301103178,0.015736534717715765,0.003569110966904607,0.0004866969500324464,0.0014600908500973391,0.0,0.0,0.007624918883841661,0.0,0.0004866969500324464,0.0003244646333549643,0.0027579493835171963,0.0,0.0,0.0025957170668397143,0.007138221933809214,0.013789746917585983,0.0,0.0,0.0
2024-06-14 22:00:00,Métaux Lourds,MLCINQAV,ML,CINQAV,μg/m3,,,,,,,,,,,,,,,,,,,,,,,,
2024-06-14 23:00:00,Métaux Lourds,MLCINQAV,ML,CINQAV,μg/m3,0.6186999999999999,0.0,0.0,0.9510263455632778,0.013900113140455797,0.014546630030709553,0.0,0.0001616292225634395,0.0001616292225634395,0.0,0.0,0.007434944237918216,0.0,0.000646516890253758,0.000323258445126879,0.002747696783578471,0.0,0.0,0.0024244383384515924,0.0,0.006626798125101019,0.0,0.0,0.0
2024-06-15 00:00:00,Métaux Lourds,MLCINQAV,ML,CINQAV,μg/m3,0.5307,0.0,0.0,0.935368381383079,0.0175240248728095,0.023742227247032226,0.0,0.0,0.00018843037497644623,0.0,0.0,0.003957037874505371,0.0,0.0007537214999057849,0.0005652911249293386,0.004899189749387601,0.0,0.0,0.0032033163745995856,0.0,0.009798379498775203,0.0,0.0,0.0
2024-06-15 01:00:00,Métaux Lourds,MLCINQAV,ML,CINQAV,μg/m3,0.4581,0.0,0.0,0.9506657934948701,0.0,0.021174416066361054,0.004802444881030343,0.0006548788474132285,0.0006548788474132285,0.0,0.0,0.0045841519318926,0.0,0.0006548788474132285,0.0004365858982754857,0.004365858982754857,0.0,0.0,0.0030561012879283997,0.00021829294913774285,0.008731717965509714,0.0,0.0,0.0
2024-06-15 02:00:00,Métaux Lourds,MLCINQAV,ML,CINQAV,μg/m3,0.43279999999999996,0.0,0.0,0.9020332717190388,0.03327171903881701,0.02102587800369686,0.002079482439926063,0.0,0.0,0.0,0.0,0.0050831792975970435,0.0,0.0006931608133086876,0.00046210720887245846,0.00600739371534196,0.0,0.0,0.004852125693160814,0.004390018484288355,0.020101663585951942,0.0,0.0,0.0
2024-06-15 03:00:00,Métaux Lourds,MLCINQAV,ML,CINQAV,μg/m3,0.6037,0.09358953122411794,0.0,0.8308762630445586,0.025840649329136985,0.015073712108663243,0.002650323008116614,0.0,0.0011595163160510187,0.0,0.0,0.004306774888189498,0.0,0.00033129037601457677,0.0,0.003312903760145768,0.0,0.0,0.0028159681961239026,0.005631936392247805,0.014079840980619514,0.00033129037601457677,0.0,0.0
2024-06-15 04:00:00,Métaux Lourds,MLCINQAV,ML,CINQAV,μg/m3,0.7062999999999999,0.0,0.0,0.9469064137052244,0.012884043607532212,0.012176129123601871,0.0018405776582188873,0.0,0.0012742460710746142,0.0,0.0,0.003397989522865638,0.0,0.000991080277502478,0.0005663315871442731,0.0025484921421492284,0.0,0.0,0.001557411864646751,0.004105904006795979,0.011751380433243665,0.0,0.0,0.0
2024-06-15 05:00:00,Métaux Lourds,MLCINQAV,ML,CINQAV,μg/m3,0.7442999999999999,0.0,0.0,0.9557973935241169,0.011151417439204624,0.009673518742442565,0.0020153164046755345,0.00026870885395673794,0.0020153164046755345,0.0,0.0,0.0034932151014375927,0.0,0.0009404809888485827,0.00013435442697836897,0.0025527341125890102,0.0,0.0,0.0020153164046755345,0.0004030632809351069,0.009539164315464196,0.0,0.0,0.0
2024-06-15 06:00:00,Métaux Lourds,MLCINQAV,ML,CINQAV,μg/m3,0.7289999999999998,0.0006858710562414269,0.0,0.9596707818930045,0.00013717421124828538,0.013580246913580252,0.0020576131687242804,0.0,0.0013717421124828538,0.0,0.0,0.007544581618655695,0.0,0.0005486968449931415,0.00013717421124828538,0.0027434842249657075,0.00013717421124828538,0.0,0.0019204389574759952,0.0035665294924554195,0.00589849108367627,0.0,0.0,0.0
2024-06-15 07:00:00,Métaux Lourds,MLCINQAV,ML,CINQAV,μg/m3,0.9245999999999999,0.18970365563486916,0.0,0.7689811810512654,0.015249837767683324,0.010274713389573871,0.0012978585334198574,0.0,0.0011897036556348694,0.0,0.0,0.004001730478044561,0.0,0.0005407743889249406,0.00021630975556997625,0.0024875621890547268,0.0,0.0,0.001838632922344798,0.0,0.004218040233614537,0.0,0.0,0.0
2024-06-15 08:00:00,Métaux Lourds,MLCINQAV,ML,CINQAV,μg/m3,0.7559999999999999,0.0,0.0,0.9559523809523811,0.007539682539682541,0.012962962962962966,0.003968253968253969,0.0006613756613756614,0.0006613756613756614,0.0,0.0,0.004100529100529101,0.0,0.0006613756613756614,0.0001322751322751323,0.0027777777777777788,0.0,0.0003968253968253968,0.0015873015873015873,0.0037037037037037043,0.004894179894179895,0.0,0.0,0.0
2024-06-15 09:00:00,Métaux Lourds,MLCINQAV,ML,CINQAV,μg/m3,0.8492999999999998,0.0,0.0,0.9558459908159662,0.004945249028611799,0.01424702696338161,0.006358177322500885,0.0,0.0007064641469445427,0.0,0.0,0.004592016955139527,0.00023548804898151424,0.0005887201224537857,0.00011774402449075712,0.002943600612268928,0.0,0.0,0.0020016484163428707,0.0,0.007417873542917699,0.0,0.0,0.0
2024-06-15 10:00:00,Métaux Lourds,MLCINQAV,ML,CINQAV,μg/m3,0.8672999999999998,0.0,0.0,0.9199815519428112,0.017986855759252855,0.012798339674852995,0.019946961835581693,0.00046120142972443226,0.0010377032168799724,0.0,0.0,0.0100311310965064,0.0,0.0008071025020177564,0.0003459010722933241,0.002306007148622161,0.00011530035743110806,0.00011530035743110806,0.0020754064337599448,0.0010377032168799724,0.010953533955955264,0.0,0.0,0.0
2024-06-15 11:00:00,Métaux Lourds,MLCINQAV,ML,CINQAV,μg/m3,0.5791,0.0,0.0,0.8977724054567433,0.045415299602831985,0.019340355724399932,0.0044897254360214125,0.00034536349507857027,0.0008634087376964256,0.0,0.0,0.005007770678639268,0.0,0.0005180452426178552,0.00034536349507857027,0.0029355897081678466,0.0,0.0,0.002072180970471421,0.01053358659989639,0.010360904852357107,0.0,0.0,0.0
2024-06-15 12:00:00,Métaux Lourds,MLCINQAV,ML,CINQAV,μg/m3,0.33430000000000004,0.0,0.0,0.8770565360454681,0.041280287167215074,0.026024528866287762,0.005683517798384684,0.000598265031408914,0.000299132515704457,0.0,0.0,0.005384385282680227,0.0,0.0008973975471133711,0.0008973975471133711,0.002093927609931199,0.0,0.0,0.0029913251570445705,0.001196530062817828,0.03559676936883039,0.0,0.0,0.0
2024-06-15 13:00:00,Métaux Lourds,MLCINQAV,ML,CINQAV,μg/m3,0.40030000000000004,0.0,0.01748688483637272,0.7704221833624779,0.10891831126655008,0.035473394953784654,0.010991756182862852,0.0012490632025980513,0.001748688483637272,0.0,0.0,0.007494379215588308,0.0,0.0007494379215588307,0.0024981264051961026,0.001998501124156882,0.0,0.0,0.004246814888833374,0.004496627529352985,0.032225830627029724,0.0,0.0,0.0
2024-06-15 14:00:00,Métaux Lourds,MLCINQAV,ML,CINQAV,μg/m3,0.33269999999999994,0.0,0.0,0.9158400961827473,0.01863540727382026,0.0210399759543132,0.012924556657649536,0.00030057108506161717,0.00210399759543132,0.0,0.0,0.009017132551848514,0.0,0.0027051397655545543,0.0006011421701232343,0.003606853020739405,0.0,0.0,0.0033062819356777886,0.0,0.009918845807033365,0.0,0.0,0.0
2024-06-15 15:00:00,Métaux Lourds,MLCINQAV,ML,CINQAV,μg/m3,0.5590999999999998,0.0,0.0,0.9309604721874444,0.00017885888034340912,0.031121445179753182,0.008585226256483636,0.0,0.0005365766410302273,0.0,0.0,0.01430871042747273,0.0,0.0010731532820604545,0.0007154355213736365,0.002861742085494546,0.0005365766410302273,0.0,0.0026828832051511366,0.0023251654444643183,0.004113754247898409,0.0,0.0,0.0
2024-06-15 16:00:00,Métaux Lourds,MLCINQAV,ML,CINQAV,μg/m3,0.4897999999999999,0.0,0.0,0.8960800326663946,0.0,0.036137198856676205,0.010004083299305843,0.0004083299305839119,0.0018374846876276034,0.0,0.0,0.019395671702735814,0.0,0.0008166598611678238,0.0004083299305839119,0.003266639444671295,0.0004083299305839119,0.00020416496529195594,0.0038791343405471627,0.003062474479379339,0.024091465904450805,0.0,0.0,0.0
2024-06-15 17:00:00,Métaux Lourds,MLCINQAV,ML,CINQAV,μg/m3,0.273,0.0,0.0,0.8241758241758241,0.0,0.06373626373626373,0.01978021978021978,0.0010989010989010987,0.0065934065934065925,0.0,0.0,0.021245421245421243,0.0,0.008424908424908424,0.0010989010989010987,0.005860805860805861,0.0,0.0,0.005128205128205128,0.018315018315018312,0.02454212454212454,0.0,0.0,0.0
2024-06-15 18:00:00,Métaux Lourds,MLCINQAV,ML,CINQAV,μg/m3,0.2422,0.0,0.0,0.763831544178365,0.02931461601981833,0.07473162675474815,0.040875309661436834,0.0012386457473162675,0.0,0.0,0.0,0.02807597027250206,0.0,0.0,0.0012386457473162675,0.00495458298926507,0.0,0.0,0.007018992568125515,0.013212221304706855,0.03550784475639967,0.0,0.0,0.0
2024-06-15 19:00:00,Métaux Lourds,MLCINQAV,ML,CINQAV,μg/m3,0.36179999999999995,0.0,0.0,0.839966832504146,0.05279159756771699,0.059701492537313446,0.014372581536760642,0.0,0.0027639579878385853,0.0,0.0,0.01658374792703151,0.0,0.0005527915975677171,0.00027639579878385853,0.0046987285793255945,0.0,0.0,0.0058043117744610295,0.0008291873963515755,0.001658374792703151,0.0,0.0,0.0
2024-06-15 20:00:00,Métaux Lourds,MLCINQAV,ML,CINQAV,μg/m3,0.5340999999999999,0.0,0.0,0.6337764463583601,0.025463396367721405,0.10091743119266056,0.014229545029020785,0.00018723085564501034,0.003931847968545218,0.0,0.002246770267740124,0.1509080696498783,0.0,0.0013106159895150723,0.000561692566935031,0.020408163265306124,0.0020595394120951137,0.00018723085564501034,0.004119078824190227,0.0035573862572551964,0.036135555139487,0.0,0.0,0.0
2024-06-15 21:00:00,Métaux Lourds,MLCINQAV,ML,CINQAV,μg/m3,0.3514,0.0,0.0,0.7848605577689243,0.012805919180421172,0.07939669891861126,0.0071143995446784295,0.0,0.0,0.0,0.0,0.08821855435401252,0.0,0.0,0.0011383039271485487,0.011383039271485488,0.0011383039271485487,0.0,0.004553215708594195,0.0002845759817871372,0.00910643141718839,0.0,0.0,0.0
2024-06-15 22:00:00,Métaux Lourds,MLCINQAV,ML,CINQAV,μg/m3,,,,,,,,,,,,,,,,,,,,,,,,
2024-06-15 23:00:00,Métaux Lourds,MLCINQAV,ML,CINQAV,μg/m3,0.29259999999999997,0.0,0.0,0.8427887901572112,0.0,0.09466848940533151,0.001367053998632946,0.002050580997949419,0.0,0.0,0.0,0.010252904989747097,0.0,0.0003417634996582365,0.002050580997949419,0.004784688995215312,0.0,0.0,0.003759398496240602,0.025290498974709506,0.012645249487354753,0.0,0.0,0.0
2024-06-16 00:00:00,Métaux Lourds,MLCINQAV,ML,CINQAV,μg/m3,0.31660000000000005,0.0,0.0,0.8070120025268477,0.03506001263423878,0.045799115603284896,0.004421983575489576,0.0,0.0,0.0,0.0,0.010423246999368287,0.0,0.0003158559696778269,0.0015792798483891344,0.004737839545167403,0.0,0.0003158559696778269,0.002526847757422615,0.0063171193935565376,0.08149084017687933,0.0,0.0,0.0
2024-06-16 01:00:00,Métaux Lourds,MLCINQAV,ML,CINQAV,μg/m3,0.30899999999999994,0.0,0.0,0.857928802588997,0.0365695792880259,0.04368932038834952,0.0051779935275080916,0.0016181229773462786,0.0,0.0,0.0,0.008090614886731393,0.0,0.0,0.0006472491909385114,0.0029126213592233015,0.0,0.0003236245954692557,0.00226537216828479,0.0,0.04077669902912622,0.0,0.0,0.0
2024-06-16 02:00:00,Métaux Lourds,MLCINQAV,ML,CINQAV,μg/m3,0.4128999999999999,0.35553402760959085,0.0,0.5824654880116252,0.014773552918382178,0.01767982562363769,0.008961007507871158,0.0007265681763138776,0.0,0.0,0.0,0.002664083313150885,0.0002421893921046259,0.0002421893921046259,0.0007265681763138776,0.002664083313150885,0.0,0.0002421893921046259,0.0016953257447323811,0.0,0.011382901428917418,0.0,0.0,0.0
2024-06-16 03:00:00,Métaux Lourds,MLCINQAV,ML,CINQAV,μg/m3,0.282,0.001418439716312057,0.0,0.8755319148936171,0.03333333333333334,0.021631205673758865,0.0148936170212766,0.00035460992907801426,0.0,0.0,0.0,0.006028368794326241,0.0,0.00035460992907801426,0.0007092198581560285,0.002836879432624114,0.0,0.0,0.001418439716312057,0.009574468085106385,0.031914893617021274,0.0,0.0,0.0
2024-06-16 04:00:00,Métaux Lourds,MLCINQAV,ML,CINQAV,μg/m3,0.27880000000000005,0.0,0.0,0.903873744619799,0.03371592539454806,0.01614060258249641,0.004662840746054518,0.00035868005738880915,0.0,0.0,0.0,0.006814921090387374,0.0,0.00035868005738880915,0.0007173601147776183,0.0035868005738880914,0.0,0.0,0.0014347202295552366,0.0,0.028335724533715922,0.0,0.0,0.0
2024-06-16 05:00:00,Métaux Lourds,MLCINQAV,ML,CINQAV,μg/m3,0.3027000000000001,0.0,0.0,0.8860257680872148,0.03369672943508423,0.02708952758506771,0.009580442682523949,0.0009910802775024772,0.0003303600925008258,0.0,0.0,0.010901883052527251,0.0,0.0009910802775024772,0.0009910802775024772,0.003303600925008258,0.0,0.0,0.002973240832507432,0.0,0.023125206475057808,0.0,0.0,0.0
2024-06-16 06:00:00,Métaux Lourds,MLCINQAV,ML,CINQAV,μg/m3,0.3082000000000001,0.0,0.0,0.8844905905256325,0.01070733290071382,0.025957170668397138,0.03893575600259571,0.0006489292667099285,0.00032446463335496423,0.0,0.0,0.0308241401687216,0.0,0.0,0.001297858533419857,0.004218040233614535,0.0,0.0,0.002595717066839714,0.0,0.0,0.0,0.0,0.0
2024-06-16 07:00:00,Métaux Lourds,MLCINQAV,ML,CINQAV,μg/m3,0.425,0.0,0.03505882352941177,0.6258823529411766,0.029647058823529412,0.037647058823529415,0.17011764705882354,0.0023529411764705885,0.0,0.0,0.0,0.08117647058823531,0.0,0.0,0.0025882352941176473,0.004705882352941177,0.0,0.00047058823529411766,0.0018823529411764706,0.0058823529411764705,0.0025882352941176473,0.0,0.0,0.0
2024-06-16 08:00:00,Métaux Lourds,MLCINQAV,ML,CINQAV,μg/m3,0.44480000000000003,0.0,0.015512589928057555,0.6171312949640287,0.0,0.03664568345323741,0.015962230215827336,0.00022482014388489207,0.0,0.0,0.0,0.028776978417266185,0.0,0.0,0.0013489208633093524,0.2567446043165467,0.0,0.00022482014388489207,0.0029226618705035967,0.0,0.024505395683453234,0.0,0.0,0.0
2024-06-16 09:00:00,Métaux Lourds,MLCINQAV,ML,CINQAV,μg/m3,0.27480000000000004,0.0,0.011644832605531294,0.8555312954876272,0.006914119359534205,0.06768558951965065,0.025473071324599705,0.0,0.0,0.0,0.0,0.016011644832605528,0.0,0.0,0.0021834061135371174,0.005822416302765647,0.0,0.0,0.005094614264919941,0.0,0.0036390101892285294,0.0,0.0,0.0
2024-06-16 10:00:00,Métaux Lourds,MLCINQAV,ML,CINQAV,μg/m3,0.3622,0.0,0.0,0.8114301490889011,0.010767531750414134,0.08061844284925455,0.011871893981225842,0.00027609055770292653,0.0008282716731087795,0.0,0.0,0.059359469906129204,0.0,0.00027609055770292653,0.0019326339039204858,0.0046935394809497506,0.0011043622308117061,0.00027609055770292653,0.0041413583655438985,0.0,0.012424075096631694,0.0,0.0,0.0
2024-06-16 11:00:00,Métaux Lourds,MLCINQAV,ML,CINQAV,μg/m3,0.43339999999999995,0.0,0.0,0.8807106598984772,0.031610521458237194,0.05145362251961237,0.006229810798338718,0.0009229349330872174,0.0,0.0006922011998154131,0.0,0.018689432395016154,0.0,0.0,0.0009229349330872174,0.0034610059990770655,0.0004614674665436087,0.0,0.004614674665436087,0.00023073373327180436,0.0,0.0,0.0,0.0
2024-06-16 12:00:00,Métaux Lourds,MLCINQAV,ML,CINQAV,μg/m3,0.7897999999999998,0.0,0.026082552544948095,0.5145606482653837,0.1223094454292226,0.035072170169663214,0.19827804507470248,0.003545201316789061,0.0,0.0001266143327424665,0.0001266143327424665,0.07926057229678402,0.0,0.0001266143327424665,0.0022790579893643965,0.002912129653076729,0.000253228665484933,0.0001266143327424665,0.003545201316789061,0.003418586984046595,0.007976702962775388,0.0,0.0,0.0
2024-06-16 13:00:00,Métaux Lourds,MLCINQAV,ML,CINQAV,μg/m3,0.3903000000000001,0.0,0.0,0.8360235716115807,0.06994619523443504,0.032026646169613114,0.021778119395336918,0.0005124263387138098,0.0,0.0,0.0,0.011273379451703815,0.0,0.0007686395080707146,0.0007686395080707146,0.0028183448629259538,0.0,0.0,0.005380476556495003,0.004611837048424288,0.014091724314629768,0.0,0.0,0.0
2024-06-16 14:00:00,Métaux Lourds,MLCINQAV,ML,CINQAV,μg/m3,0.4601999999999999,0.09669708822251197,0.0,0.7737940026075621,0.07149065623641897,0.022381573229030862,0.016949152542372885,0.00021729682746631906,0.0004345936549326381,0.0,0.0,0.009561060408518039,0.0,0.0004345936549326381,0.0010864841373315953,0.0023902651021295096,0.0,0.0,0.004345936549326381,0.00021729682746631906,0.0,0.0,0.0,0.0
2024-06-16 15:00:00,Métaux Lourds,MLCINQAV,ML,CINQAV,μg/m3,0.34839999999999993,0.0,0.0,0.8475889781859933,0.07778415614236513,0.028702640642939158,0.024971297359357065,0.0,0.0,0.0,0.0,0.012055109070034447,0.0,0.0,0.0005740528128587831,0.0028702640642939157,0.00028702640642939157,0.0005740528128587831,0.004592422502870265,0.0,0.0,0.0,0.0,0.0
2024-06-16 16:00:00,Métaux Lourds,MLCINQAV,ML,CINQAV,μg/m3,0.25980000000000003,0.0,0.0,0.7898383371824479,0.060431100846805225,0.04618937644341801,0.023094688221709004,0.0,0.0,0.0,0.0,0.01424172440338722,0.0,0.0007698229407236335,0.0,0.0034642032332563503,0.0,0.0,0.007313317936874518,0.010777521170130868,0.04387990762124711,0.0,0.0,0.0
2024-06-16 17:00:00,Métaux Lourds,MLCINQAV,ML,CINQAV,μg/m3,0.3628,0.0,0.0,0.8902976846747519,0.034729878721058434,0.03583241455347298,0.0165380374862183,0.0,0.0,0.0,0.0,0.011852260198456449,0.0005512679162072767,0.0005512679162072767,0.000826901874310915,0.00330760749724366,0.0002756339581036384,0.0,0.005237045203969129,0.0,0.0,0.0,0.0,0.0
2024-06-16 18:00:00,Métaux Lourds,MLCINQAV,ML,CINQAV,μg/m3,0.41730000000000006,0.0,0.0,0.9070213275820751,0.017253774263120053,0.046728971962616814,0.0050323508267433505,0.0009585430146177809,0.0,0.0,0.0,0.0050323508267433505,0.0,0.00023963575365444523,0.0009585430146177809,0.0031152647975077876,0.0,0.0,0.004313443565780013,0.001437814521926671,0.007907979870596693,0.0,0.0,0.0
2024-06-16 19:00:00,Métaux Lourds,MLCINQAV,ML,CINQAV,μg/m3,0.4136,0.0,0.0,0.8962765957446808,0.011847195357833656,0.05754352030947776,0.006286266924564797,0.00024177949709864604,0.0,0.0,0.0,0.008704061895551257,0.0,0.0,0.0009671179883945841,0.003384912959381044,0.0,0.0,0.004593810444874275,0.0009671179883945841,0.00918762088974855,0.0,0.0,0.0
2024-06-16 20:00:00,Métaux Lourds,MLCINQAV,ML,CINQAV,μg/m3,0.4652000000000001,0.0,0.0006448839208942389,0.8114789337919173,0.010318142734307822,0.14359415305245052,0.003869303525365433,0.002149613069647463,0.0,0.0,0.0,0.011392949269131553,0.0,0.0002149613069647463,0.0032244196044711945,0.003009458297506448,0.0,0.0,0.005588993981083403,0.0006448839208942389,0.003869303525365433,0.0,0.0,0.0
2024-06-16 21:00:00,Métaux Lourds,MLCINQAV,ML,CINQAV,μg/m3,0.42169999999999996,0.0,0.0,0.823571259188997,0.0,0.09177140147023953,0.010433957789898033,0.0002371354043158644,0.0004742708086317288,0.0,0.0,0.03960161252074935,0.0,0.0014228124258951862,0.0016599478302110507,0.0045055726820014234,0.0,0.0,0.0049798434906331525,0.015650936684847048,0.005691249703580745,0.0,0.0,0.0
2024-06-16 22:00:00,Métaux Lourds,MLCINQAV,ML,CINQAV,μg/m3,,,,,,,,,,,,,,,,,,,,,,,,
2024-06-16 23:00:00,Métaux Lourds,MLCINQAV,ML,CINQAV,μg/m3,0.32179999999999986,0.0,0.0,0.9073958980733378,0.0,0.02983219390926042,0.004661280298321941,0.0006215040397762588,0.0012430080795525177,0.0,0.0,0.019577377252952152,0.0012430080795525177,0.0006215040397762588,0.002175264139216906,0.004039776258545682,0.0,0.0003107520198881294,0.005282784338098199,0.0,0.022684897451833448,0.0003107520198881294,0.0,0.0
2024-06-17 00:00:00,Métaux Lourds,MLCINQAV,ML,CINQAV,μg/m3,0.3146999999999999,0.0,0.0,0.9021290117572293,0.0,0.04003813155386083,0.01016841436288529,0.0,0.0,0.0,0.0,0.01493485859548777,0.0003177629488401653,0.0003177629488401653,0.0006355258976803306,0.0031776294884016533,0.0,0.0,0.0012710517953606613,0.0,0.027009850651414053,0.0,0.0,0.0
2024-06-17 01:00:00,Métaux Lourds,MLCINQAV,ML,CINQAV,μg/m3,0.3087,0.0,0.0,0.9290573372206026,0.0,0.022999676060900552,0.0045351473922902496,0.0009718172983479105,0.0,0.0,0.0,0.016844833171363784,0.0,0.0003239390994493036,0.0006478781988986072,0.0035633300939423396,0.0,0.0,0.006154842889536768,0.003887269193391642,0.01101392938127632,0.0,0.0,0.0
2024-06-17 02:00:00,Métaux Lourds,MLCINQAV,ML,CINQAV,μg/m3,0.30560000000000004,0.0,0.0,0.9001963350785339,0.0,0.0418848167539267,0.00850785340314136,0.0,0.0,0.0,0.0,0.01276178010471204,0.0003272251308900523,0.0,0.0019633507853403136,0.003272251308900523,0.0,0.0,0.005890052356020942,0.005890052356020942,0.01930628272251309,0.0,0.0,0.0
2024-06-17 03:00:00,Métaux Lourds,MLCINQAV,ML,CINQAV,μg/m3,0.2909999999999999,0.0,0.0,0.902749140893471,0.0,0.033676975945017194,0.012714776632302409,0.0003436426116838489,0.0,0.0,0.0,0.026116838487972516,0.0,0.0003436426116838489,0.0010309278350515466,0.003780068728522338,0.0,0.0006872852233676978,0.004810996563573884,0.0,0.013745704467353955,0.0,0.0,0.0
2024-06-17 04:00:00,Métaux Lourds,MLCINQAV,ML,CINQAV,μg/m3,0.33440000000000003,0.0,0.0,0.8708133971291866,0.01465311004784689,0.030203349282296645,0.014952153110047845,0.0008971291866028706,0.0002990430622009569,0.0,0.0,0.04395933014354066,0.0002990430622009569,0.0002990430622009569,0.005083732057416268,0.006877990430622009,0.0,0.0,0.005382775119617224,0.0,0.006279904306220096,0.0,0.0,0.0
2024-06-17 05:00:00,Métaux Lourds,MLCINQAV,ML,CINQAV,μg/m3,0.8793000000000001,0.0,0.0020470829068577273,0.33253724553622194,0.30785852382577045,0.026953258273626744,0.16228818378255427,0.003184351188445354,0.0,0.00011372682815876265,0.0003411804844762879,0.1269191402251791,0.0,0.0002274536563175253,0.01455703400432162,0.01080404867508245,0.00011372682815876265,0.0,0.003184351188445354,0.0,0.008870692596383485,0.0,0.0,0.0
2024-06-17 06:00:00,Métaux Lourds,MLCINQAV,ML,CINQAV,μg/m3,0.3857,0.0,0.0,0.7396940627430646,0.0464091262639357,0.029038112522686028,0.07259528130671507,0.0010370754472387867,0.0,0.0,0.0,0.06689136634690174,0.0,0.0002592688618096967,0.0028519574799066635,0.00466683951257454,0.0,0.0002592688618096967,0.00544464609800363,0.0,0.03059372569354421,0.0002592688618096967,0.0,0.0
2024-06-17 07:00:00,Métaux Lourds,MLCINQAV,ML,CINQAV,μg/m3,0.3795,0.0,0.0,0.8168642951251647,0.038208168642951255,0.02345191040843215,0.05559947299077734,0.001844532279314888,0.0,0.0,0.0,0.044005270092226614,0.0,0.0013175230566534915,0.001844532279314888,0.008432147562582346,0.0007905138339920947,0.0002635046113306983,0.003952569169960474,0.0,0.0034255599472990776,0.0,0.0,0.0
2024-06-17 08:00:00,Métaux Lourds,MLCINQAV,ML,CINQAV,μg/m3,0.4105,0.0,0.0,0.8475030450669915,0.03507917174177832,0.039951278928136415,0.04287454323995128,0.0012180267965895251,0.00048721071863581006,0.0,0.0,0.025091352009744217,0.0,0.00024360535931790503,0.0012180267965895251,0.002679658952496955,0.0,0.00024360535931790503,0.0034104750304506702,0.0,0.0,0.0,0.0,0.0
2024-06-17 09:00:00,Métaux Lourds,MLCINQAV,ML,CINQAV,μg/m3,0.3927,0.0,0.0,0.8227654698242933,0.04354469060351414,0.03819709702062643,0.05322128851540616,0.0,0.0,0.0,0.0,0.022918258212375857,0.0,0.0005092946269416858,0.0010185892538833717,0.0028011204481792717,0.0,0.0,0.0033104150751209573,0.0,0.011713776419658773,0.0,0.0,0.0
2024-06-17 10:00:00,Métaux Lourds,MLCINQAV,ML,CINQAV,μg/m3,0.38259999999999994,0.0,0.006011500261369577,0.8478829064296917,0.01751176163094616,0.03214845791949818,0.03894406691061161,0.0,0.0018295870360690019,0.0,0.0,0.022477783585990594,0.0,0.000522739153162572,0.001045478306325144,0.0036591740721380038,0.0,0.0,0.004443282801881861,0.013329848405645583,0.010193413486670152,0.0,0.0,0.0
2024-06-17 11:00:00,Métaux Lourds,MLCINQAV,ML,CINQAV,μg/m3,0.35699999999999993,0.0,0.0,0.8501400560224092,0.017927170868347345,0.038655462184873965,0.040896358543417374,0.0005602240896358545,0.001400560224089636,0.0,0.0,0.020448179271708687,0.0,0.00028011204481792726,0.001400560224089636,0.002521008403361345,0.0,0.00028011204481792726,0.005602240896358544,0.002521008403361345,0.01736694677871149,0.0,0.0,0.0
2024-06-17 12:00:00,Métaux Lourds,MLCINQAV,ML,CINQAV,μg/m3,0.39359999999999995,0.0,0.0,0.8213922764227645,0.0116869918699187,0.03125000000000001,0.06885162601626017,0.0005081300813008131,0.0005081300813008131,0.0,0.0,0.027184959349593498,0.0,0.0,0.0007621951219512195,0.0040650406504065045,0.0,0.0,0.005589430894308944,0.013211382113821139,0.014989837398373987,0.0,0.0,0.0
2024-06-17 13:00:00,Métaux Lourds,MLCINQAV,ML,CINQAV,μg/m3,0.3883,0.0036054596961112542,0.0,0.8696883852691218,0.0,0.024723152201905744,0.05150656708730363,0.0002575328354365182,0.0010301313417460727,0.0,0.0,0.02292042235385012,0.0,0.0002575328354365182,0.0018027298480556271,0.006695853721349472,0.0002575328354365182,0.0,0.006438320885912954,0.010558846252897243,0.0002575328354365182,0.0,0.0,0.0
2024-06-17 14:00:00,Métaux Lourds,MLCINQAV,ML,CINQAV,μg/m3,0.4322,0.0,0.023368810735770476,0.8403516890328552,0.0,0.030310041647385468,0.04835724201758445,0.0009254974548819992,0.0006941230911614993,0.0,0.0,0.018509949097639984,0.0,0.0002313743637204998,0.001156871818602499,0.003239241092086997,0.0,0.0,0.005784359093012495,0.0,0.027070800555298473,0.0,0.0,0.0
2024-06-17 15:00:00,Métaux Lourds,MLCINQAV,ML,CINQAV,μg/m3,0.4513999999999999,0.0,0.0,0.8848028356225078,0.0,0.030571555161719107,0.04740806380150643,0.00022153300841825437,0.000664599025254763,0.0,0.0,0.023039432875498454,0.0,0.00044306601683650874,0.001329198050509526,0.003101462117855561,0.0,0.00022153300841825437,0.006867523260965885,0.0,0.001329198050509526,0.0,0.0,0.0
2024-06-17 16:00:00,Métaux Lourds,MLCINQAV,ML,CINQAV,μg/m3,0.4891,0.0,0.0,0.8640359844612555,0.0,0.03414434675935392,0.04293600490697199,0.0,0.0,0.0,0.0,0.025761602944183195,0.0,0.00020445716622367616,0.001431200163565733,0.0024534859946841138,0.0,0.0,0.00633817215293396,0.006133714986710285,0.016561030464117766,0.0,0.0,0.0
2024-06-17 17:00:00,Métaux Lourds,MLCINQAV,ML,CINQAV,μg/m3,0.7452999999999999,0.0,0.015430028176573195,0.5438078626056623,0.09298269153361065,0.03206762377566081,0.20689655172413793,0.00375687642560043,0.0004025224741714746,0.0,0.00026834831611431643,0.09204347242721053,0.0,0.00013417415805715822,0.0013417415805715822,0.0033543539514289556,0.00026834831611431643,0.0,0.003891050583657588,0.0,0.0032201797933717967,0.00013417415805715822,0.0,0.0
2024-06-17 18:00:00,Métaux Lourds,MLCINQAV,ML,CINQAV,μg/m3,0.4450999999999999,0.0,0.0,0.877106268254325,0.018198157717366888,0.03864300157268031,0.027409570882947657,0.0008986744551786118,0.00022466861379465296,0.0,0.0,0.017074814648393624,0.0,0.00022466861379465296,0.0011233430689732648,0.002696023365535835,0.0,0.0,0.007189395641428895,0.0,0.00921141316558077,0.0,0.0,0.0
2024-06-17 19:00:00,Métaux Lourds,MLCINQAV,ML,CINQAV,μg/m3,0.49420000000000003,0.0,0.0,0.8963982193443949,0.006070416835289356,0.035613112100364226,0.008700930797248077,0.0004046944556859571,0.0016187778227438284,0.0,0.0,0.013354917037636584,0.0,0.0004046944556859571,0.0010117361392148927,0.0026305139619587207,0.0,0.00020234722784297855,0.0062727640631323345,0.0,0.027316875758802102,0.0,0.0,0.0
2024-06-17 20:00:00,Métaux Lourds,MLCINQAV,ML,CINQAV,μg/m3,0.47640000000000005,0.0,0.0,0.9288413098236775,0.0,0.03421494542401343,0.011125104953820318,0.00041981528127623844,0.0008396305625524769,0.0,0.0,0.014273719563392104,0.0,0.0006297229219143576,0.0008396305625524769,0.0020990764063811922,0.0,0.0,0.004827875734676742,0.0,0.0018891687657430728,0.0,0.0,0.0
2024-06-17 21:00:00,Métaux Lourds,MLCINQAV,ML,CINQAV,μg/m3,0.5236000000000001,0.0,0.0,0.9247517188693657,0.0,0.031703590527119935,0.007257448433919021,0.0003819709702062643,0.0015278838808250573,0.0,0.0,0.011077158135981664,0.0,0.0011459129106187926,0.0019098548510313215,0.0024828113063407177,0.0,0.0,0.005729564553093964,0.0011459129106187926,0.010886172650878533,0.0,0.0,0.0
2024-06-17 22:00:00,Métaux Lourds,MLCINQAV,ML,CINQAV,μg/m3,,,,,,,,,,,,,,,,,,,,,,,,
2024-06-17 23:00:00,Métaux Lourds,MLCINQAV,ML,CINQAV,μg/m3,0.9862000000000002,0.43885621577773265,0.0,0.4825593185966334,0.0,0.03548975866964104,0.0036503751774487926,0.0004055972419387548,0.00030419793145406603,0.0,0.0,0.008821740012167916,0.0,0.0006083958629081321,0.001013993104846887,0.0011153924153315755,0.0,0.0001013993104846887,0.002839180693571283,0.0,0.024234435205840593,0.0,0.0,0.0
2024-06-18 00:00:00,Métaux Lourds,MLCINQAV,ML,CINQAV,μg/m3,0.5442,0.0,0.0025725836089672913,0.9430356486585816,0.0,0.034729878721058434,0.003123851525174568,0.000735023888276369,0.00018375597206909226,0.0,0.0,0.007717750826901875,0.0,0.0,0.000735023888276369,0.0018375597206909224,0.0,0.0,0.003123851525174568,0.0022050716648291066,0.0,0.0,0.0,0.0
2024-06-18 01:00:00,Métaux Lourds,MLCINQAV,ML,CINQAV,μg/m3,0.5116,0.0,0.0,0.9151681000781859,0.0,0.033229085222830336,0.0021501172791243157,0.0,0.0007818608287724785,0.0,0.0,0.01544175136825645,0.0,0.001563721657544957,0.000977326035965598,0.001954652071931196,0.00019546520719311962,0.00019546520719311962,0.004300234558248631,0.0,0.024042220484753712,0.0,0.0,0.0
2024-06-18 02:00:00,Métaux Lourds,MLCINQAV,ML,CINQAV,μg/m3,0.5165,0.0,0.0,0.9250726040658278,0.010261374636979672,0.03910939012584705,0.005227492739593418,0.0007744433688286545,0.0019361084220716363,0.0,0.0,0.006582768635043563,0.0,0.0005808325266214908,0.0009680542110358181,0.0021297192642787998,0.0,0.0,0.004065827686350437,0.0,0.0032913843175217815,0.0,0.0,0.0
2024-06-18 03:00:00,Métaux Lourds,MLCINQAV,ML,CINQAV,μg/m3,0.6658999999999998,0.0,0.0,0.6589578014716927,0.14026130049556995,0.03694248385643491,0.09520949091455176,0.002402763177654303,0.0007508634930169697,0.00015017269860339395,0.0,0.04790509085448266,0.0,0.0007508634930169697,0.0021024177804475153,0.002703108574861091,0.00015017269860339395,0.0,0.0036041447664814544,0.0,0.008109325724583274,0.0,0.0,0.0
2024-06-18 04:00:00,Métaux Lourds,MLCINQAV,ML,CINQAV,μg/m3,0.6924000000000001,0.1045638359329867,0.00895436164067013,0.638792605430387,0.0085210860774119,0.041594454072790284,0.13662622761409585,0.0017331022530329284,0.0008665511265164642,0.0,0.0,0.04188330444829578,0.0,0.0008665511265164642,0.0007221259387637203,0.002744078567302137,0.00014442518775274407,0.0,0.004477180820335065,0.0,0.007510109763142691,0.0,0.0,0.0
2024-06-18 05:00:00,Métaux Lourds,MLCINQAV,ML,CINQAV,μg/m3,0.48500000000000004,0.0004123711340206185,0.0,0.857319587628866,0.012164948453608248,0.04556701030927835,0.02494845360824742,0.0018556701030927832,0.0006185567010309277,0.0,0.0,0.03216494845360824,0.0,0.0010309278350515464,0.0012371134020618554,0.006597938144329896,0.0,0.00020618556701030926,0.007010309278350515,0.0,0.008865979381443298,0.0,0.0,0.0
2024-06-18 06:00:00,Métaux Lourds,MLCINQAV,ML,CINQAV,μg/m3,0.41680000000000006,0.0,0.0023992322456813818,0.800623800383877,0.0019193857965451053,0.03694817658349328,0.044385796545105556,0.00023992322456813816,0.0011996161228406909,0.0,0.0,0.0547024952015355,0.00023992322456813816,0.0009596928982725526,0.0019193857965451053,0.02519193857965451,0.0,0.0,0.005518234165067177,0.00527831094049904,0.01847408829174664,0.0,0.0,0.0
2024-06-18 07:00:00,Métaux Lourds,MLCINQAV,ML,CINQAV,μg/m3,,,,,,,,,,,,,,,,,,,,,,,,
2024-06-18 08:00:00,Métaux Lourds,MLCINQAV,ML,CINQAV,μg/m3,,,,,,,,,,,,,,,,,,,,,,,,
2024-06-18 09:00:00,Métaux Lourds,MLCINQAV,ML,CINQAV,μg/m3,,,,,,,,,,,,,,,,,,,,,,,,
2024-06-18 10:00:00,Métaux Lourds,MLCINQAV,ML,CINQAV,μg/m3,,,,,,,,,,,,,,,,,,,,,,,,
2024-06-18 11:00:00,Métaux Lourds,MLCINQAV,ML,CINQAV,μg/m3,,,,,,,,,,,,,,,,,,,,,,,,
2024-06-18 12:00:00,Métaux Lourds,MLCINQAV,ML,CINQAV,μg/m3,,,,,,,,,,,,,,,,,,,,,,,,
2024-06-18 13:00:00,Métaux Lourds,MLCINQAV,ML,CINQAV,μg/m3,,,,,,,,,,,,,,,,,,,,,,,,
2024-06-18 14:00:00,Métaux Lourds,MLCINQAV,ML,CINQAV,μg/m3,,,,,,,,,,,,,,,,,,,,,,,,
2024-06-18 15:00:00,Métaux Lourds,MLCINQAV,ML,CINQAV,μg/m3,,,,,,,,,,,,,,,,,,,,,,,,
2024-06-18 16:00:00,Métaux Lourds,MLCINQAV,ML,CINQAV,μg/m3,,,,,,,,,,,,,,,,,,,,,,,,
2024-06-18 17:00:00,Métaux Lourds,MLCINQAV,ML,CINQAV,μg/m3,,,,,,,,,,,,,,,,,,,,,,,,
2024-06-18 18:00:00,Métaux Lourds,MLCINQAV,ML,CINQAV,μg/m3,,,,,,,,,,,,,,,,,,,,,,,,
2024-06-18 19:00:00,Métaux Lourds,MLCINQAV,ML,CINQAV,μg/m3,,,,,,,,,,,,,,,,,,,,,,,,
2024-06-18 20:00:00,Métaux Lourds,MLCINQAV,ML,CINQAV,μg/m3,,,,,,,,,,,,,,,,,,,,,,,,
2024-06-18 21:00:00,Métaux Lourds,MLCINQAV,ML,CINQAV,μg/m3,,,,,,,,,,,,,,,,,,,,,,,,
2024-06-18 22:00:00,Métaux Lourds,MLCINQAV,ML,CINQAV,μg/m3,,,,,,,,,,,,,,,,,,,,,,,,
2024-06-18 23:00:00,Métaux Lourds,MLCINQAV,ML,CINQAV,μg/m3,,,,,,,,,,,,,,,,,,,,,,,,
